element,count
wd:Q5,6872
wd:Q6581072,1509
wd:Q515,1278
wd:Q15978631,1275
wd:Q3918,1247
wd:Q11696,1245
wd:Q11424,1159
wd:Q33506,953
wd:Q6256,629
wd:Q13442814,606
wd:Q213,502
wd:Q146,499
wd:Q33999,488
wd:Q4830453,477
wd:Q486972,465
wd:Q577,464
wd:Q16970,411
wd:Q811534,397
wd:Q3305213,393
wd:Q82955,378
wd:Q2526255,374
wd:Q16521,355
wd:Q55488,350
wd:Q5398426,343
wd:Q23442,327
wd:Q571,311
wd:Q4167410,298
wd:Q36180,297
wd:Q6581097,291
wd:Q7187,275
wd:Q484170,271
wd:Q3044918,271
wd:Q1939555,266
wd:Q11344,256
wd:Q3624078,249
wd:Q4167836,249
wd:Q668,236
wd:Q12136,219
wd:Q8502,217
wd:Q2095,210
wd:Q34770,209
wd:Q41176,178
wd:Q16707842,166
wd:Q39715,164
wd:Q139677,154
wd:Q7075,153
wd:Q783794,150
wd:Q811979,149
wd:Q185441,148
wd:Q144,145
wd:Q532,145
wd:Q1248784,144
wd:Q215380,142
wd:Q43229,139
wd:Q548611,136
wd:Q15284,135
wd:Q82594,135
wd:Q7889,126
wd:Q7397,125
wd:Q937857,124
wd:Q11173,117
wd:Q11032,115
wd:Q10873124,112
wd:Q5153359,111
wd:Q9259,108
wd:Q177220,106
wd:Q4164871,103
wd:Q56061,101
wd:Q36784,97
wd:Q639669,96
wd:Q901,95
wd:Q13406463,94
wd:Q10864048,93
wd:Q43501,92
wd:Q11266439,92
wd:Q14204246,91
wd:Q482980,90
wd:Q101352,89
wd:Q4022,89
wd:Q2074737,89
wd:Q46169,88
wd:Q6465,88
wd:Q3024240,87
wd:Q5107,81
wd:Q5119,80
wd:Q1221156,80
wd:Q14839548,79
wd:Q36834,78
wd:Q34442,77
wd:Q49757,76
wd:Q4964182,76
wd:Q44613,76
wd:Q483501,75
wd:Q21191270,72
wd:Q28968511,71
wd:Q17334923,71
wd:Q838948,71
wd:Q10800557,71
wd:Q2977,71
wd:Q29964144,70
wd:Q18616576,69
wd:Q7191,69
wd:Q1028181,68
wd:Q150,67
wd:Q7275,67
wd:Q253019,67
wd:Q382617,65
wd:Q178561,64
wd:Q1930187,64
wd:Q21198,64
wd:Q15416,63
wd:Q95074,62
wd:Q4610556,62
wd:Q15238777,62
wd:Q2860456,62
wd:Q28640,61
wd:Q17362920,61
wd:Q1860,61
wd:Q928830,60
wd:Q262166,60
wd:Q15184295,59
wd:Q747074,58
wd:Q482994,58
wd:Q7432,58
wd:Q13100073,58
wd:Q860861,58
wd:Q19546,57
wd:Q1190554,57
wd:Q79007,57
wd:Q34379,57
wd:Q11631,57
wd:Q3863,56
wd:Q9143,56
wd:Q523,56
wd:Q12078,54
wd:Q744099,54
wd:Q19842659,54
wd:Q362,53
wd:Q35120,53
wd:Q647,53
wd:Q12737077,52
wd:Q4220920,52
wd:Q355304,52
wd:Q87167,52
wd:Q26529,52
wd:Q11446,52
wd:Q3914,51
wd:Q11303,51
wd:Q202444,51
wd:Q427492,51
wd:Q12308941,50
wd:Q27169,50
wd:Q341,49
wd:Q12813115,49
wd:Q20010800,49
wd:Q8142,48
wd:Q638,48
wd:Q23413,48
wd:Q4018,48
wd:Q702842,47
wd:Q1510380,47
wd:Q729,47
wd:Q200092,47
wd:Q166542,47
wd:Q3957,46
wd:Q18912794,46
wd:Q7278,45
wd:Q11879590,45
wd:Q1420,45
wd:Q160016,45
wd:Q2285706,45
wd:Q4663903,45
wd:Q46970,45
wd:Q2484376,45
wd:Q39614,44
wd:Q3331189,44
wd:Q68,44
wd:Q46831,44
wd:Q7725634,43
wd:Q2085381,43
wd:Q15893266,43
wd:Q27971968,43
wd:Q21191019,43
wd:Q726,43
wd:Q17633526,42
wd:Q4175034,41
wd:Q8261,41
wd:Q131734,41
wd:Q308292,41
wd:Q387917,40
wd:Q82794,40
wd:Q37447,40
wd:Q618123,40
wd:Q18338317,40
wd:Q3947,40
wd:Q3282637,39
wd:Q7366,39
wd:Q15632617,39
wd:Q1931388,39
wd:Q484652,39
wd:Q25379,38
wd:Q1989839,38
wd:Q3917681,38
wd:Q1234255,37
wd:Q39367,37
wd:Q12518,37
wd:Q644687,37
wd:Q2989454,36
wd:Q1093580,36
wd:Q31209114,36
wd:Q403,36
wd:Q22927616,35
wd:Q361,35
wd:Q21077852,35
wd:Q358,35
wd:Q22667,35
wd:Q25276,35
wd:Q42973,35
wd:Q636497,34
wd:Q408,34
wd:Q16917,34
wd:Q12280,34
wd:Q3191695,34
wd:Q11060274,34
wd:Q215627,34
wd:Q188,34
wd:Q856076,34
wd:Q839954,34
wd:Q13390680,34
wd:Q62447,34
wd:Q294414,34
wd:Q849424,34
wd:Q30461,34
wd:Q23058,33
wd:Q70208,33
wd:Q1075,33
wd:Q385405,33
wd:Q1107,33
wd:Q214917,32
wd:Q2221906,32
wd:Q188451,32
wd:Q192611,32
wd:Q1711695,32
wd:Q202216,32
wd:Q2225692,32
wd:Q878985,32
wd:Q10876391,32
wd:Q132050,32
wd:Q32880,32
wd:Q1616075,32
wd:Q23019040,31
wd:Q30092755,31
wd:Q5741069,31
wd:Q35657,30
wd:Q170790,29
wd:Q41298,29
wd:Q3199141,29
wd:Q1110794,29
wd:Q6636,29
wd:Q48352,29
wd:Q719487,29
wd:Q3408484,29
wd:Q8054,29
wd:Q198,28
wd:Q22698,28
wd:Q3700011,28
wd:Q23397,28
wd:Q81096,28
wd:Q2309784,28
wd:Q2583015,28
wd:Q44,27
wd:Q3966183,27
wd:Q3314483,27
wd:Q568683,27
wd:Q4285979,27
wd:Q150093,26
wd:Q289,26
wd:Q350604,26
wd:Q179700,26
wd:Q640506,26
wd:Q1364,26
wd:Q79529,26
wd:Q47574,26
wd:Q1002697,25
wd:Q467,25
wd:Q149086,25
wd:Q40348,25
wd:Q7138926,25
wd:Q245188,25
wd:Q811165,25
wd:Q16533,25
wd:Q14660,25
wd:Q735428,25
wd:Q207694,24
wd:Q930752,24
wd:Q8072,24
wd:Q2001305,24
wd:Q37144,24
wd:Q27032320,24
wd:Q22865,24
wd:Q9826,24
wd:Q11703715,24
wd:Q476028,24
wd:Q328468,24
wd:Q1656682,23
wd:Q1968435,23
wd:Q11639,23
wd:Q11633,23
wd:Q27686,23
wd:Q649434,23
wd:Q2066131,23
wd:Q35637,23
wd:Q18614948,23
wd:Q44782,23
wd:Q1595639,23
wd:Q206615,23
wd:Q1123245,23
wd:Q169470,23
wd:Q15978299,23
wd:Q916475,23
wd:Q1496967,23
wd:Q31756986,23
wd:Q17519152,23
wd:Q622852,23
wd:Q83367,23
wd:Q17376908,23
wd:Q5710433,23
wd:Q947873,23
wd:Q41567,23
wd:Q247073,22
wd:Q21094819,22
wd:Q33231,22
wd:Q107425,22
wd:Q84,22
wd:Q13723070,22
wd:Q491040,22
wd:Q131578,22
wd:Q809,22
wd:Q5287,22
wd:Q82799,22
wd:Q764,22
wd:Q41710,22
wd:Q652,22
wd:Q83620,22
wd:Q11448906,22
wd:Q11063,22
wd:Q19595382,21
wd:Q22670030,21
wd:Q15620943,21
wd:Q12140,21
wd:Q49084,21
wd:Q11573,21
wd:Q8752,21
wd:Q123705,21
wd:Q1281618,20
wd:Q1412,20
wd:Q309,20
wd:Q2996394,20
wd:Q950135,20
wd:Q201658,20
wd:Q877724,20
wd:Q349,20
wd:Q47064,20
wd:Q1097630,20
wd:Q4671277,20
wd:Q188094,20
wd:Q1052281,20
wd:Q506240,20
wd:Q12720953,19
wd:Q864380,19
wd:Q5386,19
wd:Q13406554,19
wd:Q14350,19
wd:Q245068,19
wd:Q35869,19
wd:Q106658,19
wd:Q83828,19
wd:Q166118,19
wd:Q11315,19
wd:Q17197366,19
wd:Q5193377,19
wd:Q217526,19
wd:Q6881511,19
wd:Q34636,19
wd:Q12684,19
wd:Q3491904,19
wd:Q3231690,19
wd:Q707813,19
wd:Q159719,18
wd:Q43845,18
wd:Q8436,18
wd:Q699405,18
wd:Q5341295,18
wd:Q313827,18
wd:Q5185279,18
wd:Q52,18
wd:Q235557,18
wd:Q507619,18
wd:Q153,18
wd:Q33384,18
wd:Q173462,18
wd:Q308229,18
wd:Q18131152,18
wd:Q392918,18
wd:Q557141,18
wd:Q2065736,18
wd:Q40831,17
wd:Q1589009,17
wd:Q1370598,17
wd:Q719456,17
wd:Q185529,17
wd:Q1191622,17
wd:Q570116,17
wd:Q18608871,17
wd:Q27643250,17
wd:Q22806,17
wd:Q5916,17
wd:Q131569,17
wd:Q1643757,17
wd:Q3,17
wd:Q20086263,16
wd:Q43193,16
wd:Q473972,16
wd:Q14952,16
wd:Q5707594,16
wd:Q41207,16
wd:Q732577,16
wd:Q943,16
wd:Q1081138,16
wd:Q2143661,16
wd:Q36732,16
wd:Q207326,16
wd:Q1785271,16
wd:Q219,16
wd:Q2319498,16
wd:Q756,16
wd:Q4,15
wd:Q40080,15
wd:Q22988604,15
wd:Q83310,15
wd:Q8065,15
wd:Q180684,15
wd:Q618779,15
wd:Q17205,15
wd:Q15630906,15
wd:Q17451,15
wd:Q28865,15
wd:Q1321,15
wd:Q23925393,15
wd:Q33609,15
wd:Q20296613,15
wd:Q386724,15
wd:Q44148,15
wd:Q83307,15
wd:Q634,15
wd:Q37226,15
wd:Q31157300,15
wd:Q5113,14
wd:Q2416217,14
wd:Q6625963,14
wd:Q5098,14
wd:Q11410,14
wd:Q5482740,14
wd:Q133346,14
wd:Q38911,14
wd:Q191067,14
wd:Q7094076,14
wd:Q43445,14
wd:Q4867740,14
wd:Q207934,14
wd:Q21480300,14
wd:Q130003,14
wd:Q1331793,14
wd:Q18127,14
wd:Q3839081,14
wd:Q11460,14
wd:Q1194951,14
wd:Q2449503,14
wd:Q376799,14
wd:Q35694,14
wd:Q44559,14
wd:Q4369513,13
wd:Q15958185,13
wd:Q10833314,13
wd:Q2743,13
wd:Q3220391,13
wd:Q862597,13
wd:Q21100241,13
wd:Q1153191,13
wd:Q190,13
wd:Q427626,13
wd:Q42948,13
wd:Q11004,13
wd:Q205892,13
wd:Q5773747,13
wd:Q179049,13
wd:Q81197,13
wd:Q644371,13
wd:Q16061881,13
wd:Q7377,13
wd:Q5283,13
wd:Q100047,13
wd:Q124794,13
wd:Q8454,13
wd:Q1149652,13
wd:Q216665,13
wd:Q4915012,13
wd:Q1426271,12
wd:Q132017,12
wd:Q1414135,12
wd:Q3455803,12
wd:Q131476,12
wd:Q628099,12
wd:Q11442,12
wd:Q122195,12
wd:Q18706073,12
wd:Q45393,12
wd:Q102496,12
wd:Q16886136,12
wd:Q18333556,12
wd:Q45382,12
wd:Q24333627,12
wd:Q15700818,12
wd:Q8134,12
wd:Q2616791,12
wd:Q1065,12
wd:Q1329623,12
wd:Q254554,12
wd:Q8338,12
wd:Q14683,11
wd:Q10871364,11
wd:Q5322166,11
wd:Q15296811,11
wd:Q11268,11
wd:Q2494144,11
wd:Q1790144,11
wd:Q15135541,11
wd:Q1366112,11
wd:Q2087181,11
wd:Q283202,11
wd:Q7252,11
wd:Q174834,11
wd:Q11401,11
wd:Q847017,11
wd:Q21503252,11
wd:Q54050,11
wd:Q861259,11
wd:Q3512806,11
wd:Q15727816,11
wd:Q17350442,11
wd:Q202595,11
wd:Q7333267,11
wd:Q1441762,11
wd:Q234262,11
wd:Q403523,11
wd:Q25796237,11
wd:Q4976993,11
wd:Q24862,11
wd:Q19389637,11
wd:Q493522,11
wd:Q7291,11
wd:Q870,11
wd:Q48473,11
wd:Q151885,11
wd:Q178885,11
wd:Q208255,11
wd:Q202866,11
wd:Q107390,11
wd:Q10737,10
wd:Q79913,10
wd:Q15980158,10
wd:Q18123741,10
wd:Q35872,10
wd:Q4271324,10
wd:Q5296,10
wd:Q336,10
wd:Q180516,10
wd:Q17278,10
wd:Q27020041,10
wd:Q34740,10
wd:Q829277,10
wd:Q488383,10
wd:Q483110,10
wd:Q26270618,10
wd:Q23038345,10
wd:Q24229398,10
wd:Q880371,10
wd:Q1778821,10
wd:Q19723451,10
wd:Q1549591,10
wd:Q332154,10
wd:Q33881,10
wd:Q578,10
wd:Q25295,10
wd:Q34228,10
wd:Q968159,10
wd:Q81672,10
wd:Q12097,10
wd:Q35666,10
wd:Q8434,10
wd:Q8495,10
wd:Q822146,9
wd:Q1323212,9
wd:Q188874,9
wd:Q3501317,9
wd:Q2539,9
wd:Q101843,9
wd:Q65943,9
wd:Q175111,9
wd:Q7150,9
wd:Q205985,9
wd:Q238231,9
wd:Q276,9
wd:Q20650761,9
wd:Q481289,9
wd:Q192350,9
wd:Q18608993,9
wd:Q166142,9
wd:Q889821,9
wd:Q2465832,9
wd:Q17051044,9
wd:Q1289426,9
wd:Q820477,9
wd:Q174219,9
wd:Q11085,9
wd:Q1357964,9
wd:Q2491498,9
wd:Q766,9
wd:Q13415036,9
wd:Q1875615,9
wd:Q7372078,9
wd:Q17489659,9
wd:Q174782,9
wd:Q878123,9
wd:Q11399,9
wd:Q11422,9
wd:Q2983893,9
wd:Q3257686,9
wd:Q123,9
wd:Q1344,9
wd:Q56022,9
wd:Q1792379,9
wd:Q93315,9
wd:Q141488,9
wd:Q5283531,9
wd:Q7188,9
wd:Q3126128,9
wd:Q220659,9
wd:Q214609,9
wd:Q93301,9
wd:Q667509,9
wd:Q8513,9
wd:Q2088357,9
wd:Q25265,9
wd:Q82772,9
wd:Q1565828,9
wd:Q1400853,9
wd:Q36496,9
wd:Q19847637,9
wd:Q336144,9
wd:Q1231865,9
wd:Q48422,9
wd:Q5716684,9
wd:Q189280,9
wd:Q14467526,9
wd:Q188784,9
wd:Q767728,9
wd:Q3292203,8
wd:Q205375,8
wd:Q6501447,8
wd:Q29819756,8
wd:Q623109,8
wd:Q25110269,8
wd:Q642946,8
wd:Q99,8
wd:Q19833377,8
wd:Q2385804,8
wd:Q11755880,8
wd:Q132821,8
wd:Q40231,8
wd:Q7437892,8
wd:Q1952852,8
wd:Q315,8
wd:Q329759,8
wd:Q10884,8
wd:Q18593264,8
wd:Q20667187,8
wd:Q60186,8
wd:Q9121,8
wd:Q28045079,8
wd:Q907311,8
wd:Q15260617,8
wd:Q3943414,8
wd:Q12284,8
wd:Q32815,8
wd:Q179248,8
wd:Q595452,8
wd:Q1357601,8
wd:Q765633,8
wd:Q5883980,8
wd:Q159354,8
wd:Q134556,8
wd:Q309314,8
wd:Q1763527,8
wd:Q1191549,8
wd:Q35749,8
wd:Q4663261,8
wd:Q728937,8
wd:Q131656,8
wd:Q34627,8
wd:Q3950,8
wd:Q702492,8
wd:Q486748,8
wd:Q4991371,8
wd:Q45762,8
wd:Q215844,8
wd:Q19020,8
wd:Q25930719,8
wd:Q10990,8
wd:Q6505795,8
wd:Q18647515,8
wd:Q28389,8
wd:Q37517,8
wd:Q24354,8
wd:Q183945,8
wd:Q494829,8
wd:Q31629,8
wd:Q759421,8
wd:Q23305046,8
wd:Q28803,8
wd:Q167346,8
wd:Q42213,8
wd:Q331795,8
wd:Q13217683,8
wd:Q2464485,8
wd:Q83376,8
wd:Q6784672,7
wd:Q1134686,7
wd:Q178,7
wd:Q3389302,7
wd:Q858036,7
wd:Q3391743,7
wd:Q653928,7
wd:Q7860,7
wd:Q2188189,7
wd:Q5880,7
wd:Q50337,7
wd:Q40218,7
wd:Q17012,7
wd:Q16010345,7
wd:Q20719696,7
wd:Q2057971,7
wd:Q40050,7
wd:Q843905,7
wd:Q11204,7
wd:Q340069,7
wd:Q331483,7
wd:Q24566025,7
wd:Q1900326,7
wd:Q1521410,7
wd:Q234460,7
wd:Q1318295,7
wd:Q2393187,7
wd:Q1200828,7
wd:Q15125752,7
wd:Q188509,7
wd:Q13218630,7
wd:Q164240,7
wd:Q170885,7
wd:Q170285,7
wd:Q207628,7
wd:Q93267,7
wd:Q2424752,7
wd:Q12570,7
wd:Q36524,7
wd:Q1234713,7
wd:Q48349,7
wd:Q24771787,7
wd:Q1601794,7
wd:Q251355,7
wd:Q140,7
wd:Q101991,7
wd:Q10791,7
wd:Q520549,7
wd:Q47912,7
wd:Q47168,7
wd:Q11629,7
wd:Q9045502,7
wd:Q48270,7
wd:Q216107,7
wd:Q9288,7
wd:Q249556,7
wd:Q502895,7
wd:Q4421,7
wd:Q39201,7
wd:Q1371562,7
wd:Q3722420,7
wd:Q13417114,7
wd:Q223557,7
wd:Q8076,7
wd:Q22687,7
wd:Q15631401,7
wd:Q152,7
wd:Q418,7
wd:Q20086260,7
wd:Q849854,7
wd:Q13219447,7
wd:Q744913,7
wd:Q11264216,7
wd:Q18783400,7
wd:Q1030034,7
wd:Q15642541,7
wd:Q8246794,7
wd:Q1568,7
wd:Q407595,7
wd:Q928764,7
wd:Q622512,6
wd:Q38695,6
wd:Q125928,6
wd:Q212805,6
wd:Q808,6
wd:Q903809,6
wd:Q42106,6
wd:Q15091377,6
wd:Q24075706,6
wd:Q49614,6
wd:Q2407,6
wd:Q612229,6
wd:Q28007056,6
wd:Q20820424,6
wd:Q17489160,6
wd:Q1684600,6
wd:Q45959,6
wd:Q154,6
wd:Q18608756,6
wd:Q845945,6
wd:Q9135,6
wd:Q224700,6
wd:Q2472587,6
wd:Q8366,6
wd:Q35509,6
wd:Q21996347,6
wd:Q18343316,6
wd:Q9730,6
wd:Q1397,6
wd:Q1269299,6
wd:Q7946,6
wd:Q1322263,6
wd:Q216353,6
wd:Q327008,6
wd:Q186516,6
wd:Q135436,6
wd:Q1071,6
wd:Q13226383,6
wd:Q23712,6
wd:Q744038,6
wd:Q3184121,6
wd:Q624240,6
wd:Q13955,6
wd:Q11353,6
wd:Q5633421,6
wd:Q18674739,6
wd:Q49844,6
wd:Q14850694,6
wd:Q25053937,6
wd:Q18618644,6
wd:Q636099,6
wd:Q23646062,6
wd:Q105731,6
wd:Q473708,6
wd:Q581714,6
wd:Q62832,6
wd:Q21224061,6
wd:Q35127,6
wd:Q1529096,6
wd:Q1845,6
wd:Q2730732,6
wd:Q864503,6
wd:Q7216840,6
wd:Q395,6
wd:Q18618628,6
wd:Q1021645,6
wd:Q155223,6
wd:Q79719,6
wd:Q4260475,6
wd:Q23444,6
wd:Q906278,6
wd:Q1254874,6
wd:Q431289,6
wd:Q31029044,6
wd:Q204570,6
wd:Q6979593,6
wd:Q193556,6
wd:Q1434505,6
wd:Q54837,6
wd:Q476921,6
wd:Q1267632,6
wd:Q1460232,6
wd:Q79798,6
wd:Q29043227,6
wd:Q14860489,6
wd:Q4423781,5
wd:Q19832486,5
wd:Q20982366,5
wd:Q1071027,5
wd:Q15220429,5
wd:Q4272761,5
wd:Q11127777,5
wd:Q488111,5
wd:Q386426,5
wd:Q728904,5
wd:Q11028,5
wd:Q180958,5
wd:Q42603,5
wd:Q478798,5
wd:Q7239,5
wd:Q494756,5
wd:Q14795564,5
wd:Q1184840,5
wd:Q52371,5
wd:Q194188,5
wd:Q30185,5
wd:Q593644,5
wd:Q5372,5
wd:Q4632675,5
wd:Q1200957,5
wd:Q697175,5
wd:Q42889,5
wd:Q11193,5
wd:Q16830339,5
wd:Q7174,5
wd:Q1021290,5
wd:Q178359,5
wd:Q762048,5
wd:Q39631,5
wd:Q326277,5
wd:Q11563,5
wd:Q37110,5
wd:Q2736,5
wd:Q1867183,5
wd:Q420,5
wd:Q4508,5
wd:Q483453,5
wd:Q740445,5
wd:Q265868,5
wd:Q4989906,5
wd:Q15324,5
wd:Q15105893,5
wd:Q11035,5
wd:Q174211,5
wd:Q591041,5
wd:Q192110,5
wd:Q714737,5
wd:Q1978718,5
wd:Q37484,5
wd:Q6593035,5
wd:Q819073,5
wd:Q494721,5
wd:Q20538317,5
wd:Q89,5
wd:Q503186,5
wd:Q891854,5
wd:Q1371279,5
wd:Q5084,5
wd:Q201559,5
wd:Q2669,5
wd:Q1622272,5
wd:Q82595,5
wd:Q162620,5
wd:Q327333,5
wd:Q49848,5
wd:Q1998962,5
wd:Q93204,5
wd:Q105269,5
wd:Q15304003,5
wd:Q488205,5
wd:Q800279,5
wd:Q21199,5
wd:Q634099,5
wd:Q7743,5
wd:Q14469659,5
wd:Q985488,5
wd:Q18618819,5
wd:Q245065,5
wd:Q170483,5
wd:Q2115,5
wd:Q8274,5
wd:Q2041172,5
wd:Q486839,5
wd:Q1073,5
wd:Q154797,5
wd:Q592,5
wd:Q34651,5
wd:Q544,5
wd:Q1032372,5
wd:Q317,5
wd:Q9174,5
wd:Q3502482,5
wd:Q1007870,5
wd:Q7553,5
wd:Q187685,5
wd:Q188473,5
wd:Q1093434,5
wd:Q4233718,5
wd:Q2438638,5
wd:Q7802,5
wd:Q171,5
wd:Q17442446,5
wd:Q38848,5
wd:Q21583365,5
wd:Q1077097,5
wd:Q424583,5
wd:Q10648343,5
wd:Q3816772,5
wd:Q180,5
wd:Q478847,5
wd:Q191992,5
wd:Q855091,5
wd:Q16686022,5
wd:Q1577547,5
wd:Q178706,5
wd:Q10374536,5
wd:Q676899,5
wd:Q2006279,5
wd:Q103817,5
wd:Q7318,5
wd:Q859281,5
wd:Q133485,5
wd:Q133250,5
wd:Q1497364,5
wd:Q130901,5
wd:Q3464665,5
wd:Q82604,5
wd:Q1919815,4
wd:Q18918145,4
wd:Q1093829,4
wd:Q27951364,4
wd:Q13414953,4
wd:Q1076124,4
wd:Q2915955,4
wd:Q484416,4
wd:Q4119870,4
wd:Q1955280,4
wd:Q41274,4
wd:Q162875,4
wd:Q751876,4
wd:Q4502142,4
wd:Q167149,4
wd:Q28955254,4
wd:Q39911,4
wd:Q6636519,4
wd:Q3336843,4
wd:Q20724701,4
wd:Q473858,4
wd:Q1840161,4
wd:Q314729,4
wd:Q1572121,4
wd:Q3370013,4
wd:Q858439,4
wd:Q192776,4
wd:Q25342,4
wd:Q1459186,4
wd:Q2031291,4
wd:Q13400960,4
wd:Q17175676,4
wd:Q38723,4
wd:Q39018,4
wd:Q3769299,4
wd:Q15836568,4
wd:Q181394,4
wd:Q783521,4
wd:Q1336099,4
wd:Q133500,4
wd:Q1818761,4
wd:Q860918,4
wd:Q296955,4
wd:Q175151,4
wd:Q8441,4
wd:Q105,4
wd:Q7210356,4
wd:Q4220917,4
wd:Q1407225,4
wd:Q1204300,4
wd:Q603773,4
wd:Q7737,4
wd:Q275969,4
wd:Q68947,4
wd:Q1795936,4
wd:Q1637706,4
wd:Q1076486,4
wd:Q16110,4
wd:Q15773347,4
wd:Q207299,4
wd:Q1003207,4
wd:Q755309,4
wd:Q5891,4
wd:Q48277,4
wd:Q15720608,4
wd:Q5774403,4
wd:Q1078222,4
wd:Q934744,4
wd:Q2133296,4
wd:Q29645880,4
wd:Q29645886,4
wd:Q213970,4
wd:Q956214,4
wd:Q33602,4
wd:Q189290,4
wd:Q181247,4
wd:Q573,4
wd:Q15303838,4
wd:Q10416961,4
wd:Q204933,4
wd:Q35409,4
wd:Q134447,4
wd:Q10811,4
wd:Q26211545,4
wd:Q4200298,4
wd:Q174876,4
wd:Q1802122,4
wd:Q152081,4
wd:Q936518,4
wd:Q1530022,4
wd:Q15099348,4
wd:Q7550889,4
wd:Q22997934,4
wd:Q318,4
wd:Q207123,4
wd:Q1969448,4
wd:Q1451311,4
wd:Q40357,4
wd:Q8777,4
wd:Q215972,4
wd:Q895526,4
wd:Q1302249,4
wd:Q180744,4
wd:Q1065118,4
wd:Q4201890,4
wd:Q1004,4
wd:Q1193438,4
wd:Q1620797,4
wd:Q134307,4
wd:Q2175765,4
wd:Q730,4
wd:Q3658341,4
wd:Q163740,4
wd:Q1827,4
wd:Q21502402,4
wd:Q786820,4
wd:Q15304597,4
wd:Q18691599,4
wd:Q15243209,4
wd:Q1690211,4
wd:Q18559091,4
wd:Q45722,4
wd:Q6649,4
wd:Q22964476,4
wd:Q217438,4
wd:Q1068623,4
wd:Q7184903,4
wd:Q2934,4
wd:Q16641,4
wd:Q28732711,4
wd:Q1767691,4
wd:Q10943,4
wd:Q2431196,4
wd:Q21980538,4
wd:Q215028,4
wd:Q12796,4
wd:Q15944511,4
wd:Q875538,4
wd:Q1278335,4
wd:Q138,4
wd:Q3289701,4
wd:Q12876,4
wd:Q5937054,4
wd:Q1077784,4
wd:Q22669139,4
wd:Q4120621,4
wd:Q1983062,4
wd:Q155271,4
wd:Q484876,4
wd:Q108149,4
wd:Q2986700,4
wd:Q309901,4
wd:Q15265344,4
wd:Q1440300,4
wd:Q179310,4
wd:Q130368,4
wd:Q11634,4
wd:Q8148,4
wd:Q49008,4
wd:Q81895,4
wd:Q2511322,4
wd:Q27038993,4
wd:Q107,4
wd:Q287,4
wd:Q282,4
wd:Q641226,4
wd:Q1707847,4
wd:Q1054545,4
wd:Q189177,4
wd:Q10843402,4
wd:Q177634,4
wd:Q179111,4
wd:Q18524218,4
wd:Q11086742,4
wd:Q19367406,4
wd:Q277759,4
wd:Q12773225,4
wd:Q121998,4
wd:Q166177,4
wd:Q2045208,4
wd:Q47848,4
wd:Q31028835,4
wd:Q1914636,4
wd:Q11367,4
wd:Q41187,4
wd:Q287198,4
wd:Q19643892,4
wd:Q290691,4
wd:Q10876,4
wd:Q2695280,4
wd:Q28564,4
wd:Q853614,4
wd:Q79925,4
wd:Q223770,4
wd:Q417633,4
wd:Q54872,4
wd:Q1070990,4
wd:Q127448,4
wd:Q1058914,4
wd:Q14818032,4
wd:Q749316,4
wd:Q43164,4
wd:Q16743958,4
wd:Q1621273,4
wd:Q14788575,4
wd:Q14934048,4
wd:Q30241068,3
wd:Q14748,3
wd:Q2813,3
wd:Q17156793,3
wd:Q20074337,3
wd:Q2659904,3
wd:Q282049,3
wd:Q20638126,3
wd:Q17624054,3
wd:Q19765983,3
wd:Q15708736,3
wd:Q29051545,3
wd:Q132241,3
wd:Q14524493,3
wd:Q891723,3
wd:Q220505,3
wd:Q1776764,3
wd:Q235113,3
wd:Q52954,3
wd:Q236122,3
wd:Q4115189,3
wd:Q212980,3
wd:Q317548,3
wd:Q17125263,3
wd:Q121359,3
wd:Q358078,3
wd:Q1569871,3
wd:Q15077340,3
wd:Q625298,3
wd:Q674950,3
wd:Q1620908,3
wd:Q924286,3
wd:Q1286517,3
wd:Q155930,3
wd:Q445741,3
wd:Q193512,3
wd:Q11862829,3
wd:Q83364,3
wd:Q1074,3
wd:Q15634554,3
wd:Q27166344,3
wd:Q607241,3
wd:Q7321258,3
wd:Q2302770,3
wd:Q11023,3
wd:Q879050,3
wd:Q108325,3
wd:Q1523821,3
wd:Q1390,3
wd:Q3238057,3
wd:Q746549,3
wd:Q17370328,3
wd:Q25400,3
wd:Q5852411,3
wd:Q772547,3
wd:Q31465098,3
wd:Q132,3
wd:Q1026962,3
wd:Q3409032,3
wd:Q43310,3
wd:Q480242,3
wd:Q47774,3
wd:Q42295,3
wd:Q109,3
wd:Q696,3
wd:Q470437,3
wd:Q11190,3
wd:Q11369,3
wd:Q1751859,3
wd:Q22675015,3
wd:Q6316828,3
wd:Q13587321,3
wd:Q877517,3
wd:Q15275719,3
wd:Q432,3
wd:Q739882,3
wd:Q27676416,3
wd:Q8514257,3
wd:Q211503,3
wd:Q7748,3
wd:Q8171,3
wd:Q1197685,3
wd:Q2140674,3
wd:Q46261,3
wd:Q474,3
wd:Q93184,3
wd:Q35054,3
wd:Q320501,3
wd:Q4498974,3
wd:Q30559398,3
wd:Q193977,3
wd:Q1054898,3
wd:Q18493502,3
wd:Q1371150,3
wd:Q897797,3
wd:Q25917186,3
wd:Q217327,3
wd:Q750215,3
wd:Q18711682,3
wd:Q28945444,3
wd:Q4438121,3
wd:Q36611,3
wd:Q832084,3
wd:Q133442,3
wd:Q2835898,3
wd:Q862228,3
wd:Q1147753,3
wd:Q21167512,3
wd:Q120,3
wd:Q659103,3
wd:Q11660,3
wd:Q27949697,3
wd:Q28823,3
wd:Q965568,3
wd:Q882149,3
wd:Q12488913,3
wd:Q12488911,3
wd:Q24659756,3
wd:Q19944049,3
wd:Q158454,3
wd:Q15632117,3
wd:Q29168811,3
wd:Q595841,3
wd:Q22921164,3
wd:Q1543615,3
wd:Q17047615,3
wd:Q542,3
wd:Q17517,3
wd:Q495307,3
wd:Q483242,3
wd:Q199655,3
wd:Q16387,3
wd:Q1377182,3
wd:Q35798,3
wd:Q309481,3
wd:Q15069452,3
wd:Q753779,3
wd:Q4012861,3
wd:Q1440476,3
wd:Q7272,3
wd:Q1437688,3
wd:Q13027888,3
wd:Q14560,3
wd:Q15734684,3
wd:Q517351,3
wd:Q322481,3
wd:Q494511,3
wd:Q125191,3
wd:Q17329259,3
wd:Q23808,3
wd:Q21025364,3
wd:Q19798644,3
wd:Q1650915,3
wd:Q59099,3
wd:Q1073467,3
wd:Q35758,3
wd:Q539051,3
wd:Q2668072,3
wd:Q21070598,3
wd:Q3647172,3
wd:Q268592,3
wd:Q2516121,3
wd:Q756102,3
wd:Q3369996,3
wd:Q1708422,3
wd:Q453909,3
wd:Q25343,3
wd:Q21518270,3
wd:Q15777,3
wd:Q15068450,3
wd:Q1946,3
wd:Q1198413,3
wd:Q1549187,3
wd:Q30849,3
wd:Q8463,3
wd:Q1048390,3
wd:Q202251,3
wd:Q33742,3
wd:Q128570,3
wd:Q205495,3
wd:Q125,3
wd:Q654236,3
wd:Q1803786,3
wd:Q207712,3
wd:Q24649023,3
wd:Q1060829,3
wd:Q847935,3
wd:Q727028,3
wd:Q189004,3
wd:Q270704,3
wd:Q15054477,3
wd:Q27943370,3
wd:Q131138,3
wd:Q350895,3
wd:Q34505,3
wd:Q15092344,3
wd:Q19953632,3
wd:Q48292,3
wd:Q181055,3
wd:Q271669,3
wd:Q466,3
wd:Q1415090,3
wd:Q19862845,3
wd:Q1364556,3
wd:Q2222986,3
wd:Q916333,3
wd:Q15127012,3
wd:Q2312410,3
wd:Q200297,3
wd:Q3780304,3
wd:Q3300034,3
wd:Q17091404,3
wd:Q1164529,3
wd:Q1053463,3
wd:Q782543,3
wd:Q2039348,3
wd:Q19707,3
wd:Q15916867,3
wd:Q17544377,3
wd:Q185674,3
wd:Q362482,3
wd:Q12039558,3
wd:Q163875,3
wd:Q1615742,3
wd:Q6999,3
wd:Q57058,3
wd:Q560,3
wd:Q5705,3
wd:Q5279053,3
wd:Q1302471,3
wd:Q24856,3
wd:Q189567,3
wd:Q2280227,3
wd:Q217421,3
wd:Q9332,3
wd:Q31855,3
wd:Q1852752,3
wd:Q181888,3
wd:Q83,3
wd:Q15548044,3
wd:Q14212,3
wd:Q25293,3
wd:Q398141,3
wd:Q208826,3
wd:Q19361238,3
wd:Q465299,3
wd:Q1485500,3
wd:Q15661340,3
wd:Q806869,3
wd:Q2905030,3
wd:Q203323,3
wd:Q190489,3
wd:Q515701,3
wd:Q2512777,3
wd:Q852446,3
wd:Q55808,3
wd:Q82,3
wd:Q10878611,3
wd:Q202833,3
wd:Q902104,3
wd:Q471839,3
wd:Q6368,3
wd:Q181876,3
wd:Q7353426,3
wd:Q16735822,3
wd:Q17592486,3
wd:Q26013333,3
wd:Q205961,3
wd:Q917182,3
wd:Q180809,3
wd:Q42267,3
wd:Q917284,3
wd:Q191163,3
wd:Q21198401,3
wd:Q15707583,3
wd:Q787,3
wd:Q80006,3
wd:Q890055,3
wd:Q19833835,3
wd:Q427287,3
wd:Q30014,3
wd:Q3142,3
wd:Q1299240,3
wd:Q819435,3
wd:Q3565868,3
wd:Q3254959,3
wd:Q15261477,3
wd:Q7560,3
wd:Q4047513,3
wd:Q569,3
wd:Q21451178,3
wd:Q37147,3
wd:Q11105360,3
wd:Q1252971,3
wd:Q937228,3
wd:Q47146,3
wd:Q38672,3
wd:Q109607,3
wd:Q29969141,3
wd:Q62927,3
wd:Q1394476,3
wd:Q171558,3
wd:Q875157,3
wd:Q361733,3
wd:Q94,3
wd:Q15815670,3
wd:Q16362115,3
wd:Q47762,3
wd:Q21188110,3
wd:Q2840,3
wd:Q340169,3
wd:Q149621,3
wd:Q3710552,3
wd:Q210272,3
wd:Q6027980,3
wd:Q195339,3
wd:Q33648,3
wd:Q832778,3
wd:Q146591,2
wd:Q32099,2
wd:Q184439,2
wd:Q851824,2
wd:Q785486,2
wd:Q23008351,2
wd:Q33741,2
wd:Q847109,2
wd:Q24784265,2
wd:Q178712,2
wd:Q33837,2
wd:Q329425,2
wd:Q18557119,2
wd:Q18557198,2
wd:Q18556906,2
wd:Q977787,2
wd:Q317088,2
wd:Q142031,2
wd:Q24046192,2
wd:Q161726,2
wd:Q200250,2
wd:Q2291862,2
wd:Q168658,2
wd:Q19816755,2
wd:Q4692,2
wd:Q35722,2
wd:Q18089563,2
wd:Q43619,2
wd:Q13423964,2
wd:Q5663900,2
wd:Q1507736,2
wd:Q3068953,2
wd:Q14663,2
wd:Q2824645,2
wd:Q46622,2
wd:Q7132141,2
wd:Q2596245,2
wd:Q739462,2
wd:Q11861249,2
wd:Q12132,2
wd:Q18667213,2
wd:Q218616,2
wd:Q855919,2
wd:Q188860,2
wd:Q171043,2
wd:Q785745,2
wd:Q34336,2
wd:Q209934,2
wd:Q5962346,2
wd:Q1267889,2
wd:Q3242115,2
wd:Q2008050,2
wd:Q21402571,2
wd:Q5146,2
wd:Q261543,2
wd:Q20136,2
wd:Q18555374,2
wd:Q627627,2
wd:Q7590,2
wd:Q1307,2
wd:Q165328,2
wd:Q3366856,2
wd:Q1068126,2
wd:Q170238,2
wd:Q18610173,2
wd:Q12302,2
wd:Q5414,2
wd:Q38090,2
wd:Q2484680,2
wd:Q796194,2
wd:Q18553582,2
wd:Q37045,2
wd:Q375011,2
wd:Q1907525,2
wd:Q5009242,2
wd:Q1194970,2
wd:Q2291158,2
wd:Q1269,2
wd:Q18395344,2
wd:Q21114848,2
wd:Q235007,2
wd:Q1148337,2
wd:Q28314507,2
wd:Q28070952,2
wd:Q599510,2
wd:Q1129066,2
wd:Q83460,2
wd:Q859477,2
wd:Q21079854,2
wd:Q165,2
wd:Q29968296,2
wd:Q241317,2
wd:Q27108230,2
wd:Q28231040,2
wd:Q159385,2
wd:Q1455,2
wd:Q149010,2
wd:Q208233,2
wd:Q25245,2
wd:Q80071,2
wd:Q8473,2
wd:Q17486927,2
wd:Q15647814,2
wd:Q18635217,2
wd:Q1077701,2
wd:Q1792644,2
wd:Q21281405,2
wd:Q417841,2
wd:Q33829,2
wd:Q2500638,2
wd:Q2309609,2
wd:Q12117,2
wd:Q212878,2
wd:Q219239,2
wd:Q5003624,2
wd:Q23173209,2
wd:Q1124833,2
wd:Q2775969,2
wd:Q309823,2
wd:Q4284971,2
wd:Q15989253,2
wd:Q1515156,2
wd:Q25930759,2
wd:Q864,2
wd:Q6428674,2
wd:Q2763,2
wd:Q18556025,2
wd:Q18555936,2
wd:Q7325,2
wd:Q3196,2
wd:Q28146956,2
wd:Q581105,2
wd:Q43577,2
wd:Q5295538,2
wd:Q1250916,2
wd:Q960648,2
wd:Q4117139,2
wd:Q1172284,2
wd:Q1773882,2
wd:Q131110,2
wd:Q686822,2
wd:Q3277997,2
wd:Q655362,2
wd:Q831515,2
wd:Q42884,2
wd:Q11405,2
wd:Q380677,2
wd:Q47928,2
wd:Q280413,2
wd:Q158657,2
wd:Q57318,2
wd:Q184188,2
wd:Q3962,2
wd:Q38903,2
wd:Q931260,2
wd:Q118,2
wd:Q21745557,2
wd:Q20134,2
wd:Q998550,2
wd:Q10379,2
wd:Q15981151,2
wd:Q38280,2
wd:Q752297,2
wd:Q18887908,2
wd:Q21287602,2
wd:Q161837,2
wd:Q608465,2
wd:Q19817101,2
wd:Q1937808,2
wd:Q8137,2
wd:Q133087,2
wd:Q30330522,2
wd:Q24426042,2
wd:Q48264,2
wd:Q951964,2
wd:Q9659,2
wd:Q41716,2
wd:Q46384,2
wd:Q373085,2
wd:Q3327874,2
wd:Q506,2
wd:Q49762,2
wd:Q6949149,2
wd:Q21521438,2
wd:Q7944,2
wd:Q4223026,2
wd:Q1724915,2
wd:Q13220204,2
wd:Q3240003,2
wd:Q8803,2
wd:Q7554349,2
wd:Q1398920,2
wd:Q3621491,2
wd:Q23445,2
wd:Q199683,2
wd:Q1041225,2
wd:Q15836397,2
wd:Q3356100,2
wd:Q9842,2
wd:Q543287,2
wd:Q869457,2
wd:Q2452850,2
wd:Q1183543,2
wd:Q3455524,2
wd:Q194203,2
wd:Q1539532,2
wd:Q722218,2
wd:Q30642,2
wd:Q8418,2
wd:Q20654,2
wd:Q194195,2
wd:Q2281788,2
wd:Q908049,2
wd:Q2916980,2
wd:Q643839,2
wd:Q10282,2
wd:Q15222637,2
wd:Q202871,2
wd:Q1487,2
wd:Q17127659,2
wd:Q483639,2
wd:Q18556558,2
wd:Q18556396,2
wd:Q11451,2
wd:Q864574,2
wd:Q191780,2
wd:Q11707,2
wd:Q20354035,2
wd:Q14296,2
wd:Q847027,2
wd:Q2635283,2
wd:Q16814621,2
wd:Q229565,2
wd:Q18587469,2
wd:Q135022,2
wd:Q16060143,2
wd:Q5349747,2
wd:Q863915,2
wd:Q16334295,2
wd:Q2715623,2
wd:Q273057,2
wd:Q21510495,2
wd:Q103495,2
wd:Q29374366,2
wd:Q37726,2
wd:Q11499147,2
wd:Q18042594,2
wd:Q11423,2
wd:Q31381203,2
wd:Q192287,2
wd:Q1069,2
wd:Q857525,2
wd:Q22965078,2
wd:Q44235,2
wd:Q430,2
wd:Q3467906,2
wd:Q13381863,2
wd:Q380775,2
wd:Q17278559,2
wd:Q836904,2
wd:Q21684377,2
wd:Q191928,2
wd:Q132781,2
wd:Q819577,2
wd:Q1270515,2
wd:Q20900468,2
wd:Q7259682,2
wd:Q15383394,2
wd:Q3507889,2
wd:Q207621,2
wd:Q131669,2
wd:Q1501046,2
wd:Q19758733,2
wd:Q1892535,2
wd:Q13417250,2
wd:Q1418124,2
wd:Q49447,2
wd:Q156772,2
wd:Q159334,2
wd:Q2625603,2
wd:Q105420,2
wd:Q161387,2
wd:Q15407956,2
wd:Q953045,2
wd:Q814610,2
wd:Q10675206,2
wd:Q13473501,2
wd:Q31028695,2
wd:Q4828724,2
wd:Q28877,2
wd:Q19829914,2
wd:Q174736,2
wd:Q2063,2
wd:Q13357858,2
wd:Q28953942,2
wd:Q772289,2
wd:Q4026292,2
wd:Q31398920,2
wd:Q6805426,2
wd:Q19159,2
wd:Q18336849,2
wd:Q121,2
wd:Q126,2
wd:Q43035,2
wd:Q43060,2
wd:Q17272692,2
wd:Q226730,2
wd:Q24698650,2
wd:Q183366,2
wd:Q1048835,2
wd:Q422248,2
wd:Q178550,2
wd:Q15056995,2
wd:Q1749269,2
wd:Q28106586,2
wd:Q28923954,2
wd:Q1709010,2
wd:Q5246046,2
wd:Q378636,2
wd:Q1185804,2
wd:Q200539,2
wd:Q121594,2
wd:Q274586,2
wd:Q27787439,2
wd:Q46124,2
wd:Q3192420,2
wd:Q41156,2
wd:Q550637,2
wd:Q7569,2
wd:Q7819319,2
wd:Q3249551,2
wd:Q1127126,2
wd:Q6723621,2
wd:Q4592255,2
wd:Q5205753,2
wd:Q37073,2
wd:Q8452,2
wd:Q167170,2
wd:Q10751953,2
wd:Q267136,2
wd:Q5720,2
wd:Q15580,2
wd:Q211333,2
wd:Q1437459,2
wd:Q1349648,2
wd:Q18556840,2
wd:Q18556429,2
wd:Q757163,2
wd:Q240126,2
wd:Q237350,2
wd:Q849697,2
wd:Q36507,2
wd:Q27477249,2
wd:Q420962,2
wd:Q15145593,2
wd:Q18952,2
wd:Q7257715,2
wd:Q61002,2
wd:Q254917,2
wd:Q11002,2
wd:Q42527,2
wd:Q848197,2
wd:Q3297804,2
wd:Q243669,2
wd:Q223930,2
wd:Q29577677,2
wd:Q164509,2
wd:Q645928,2
wd:Q211331,2
wd:Q654,2
wd:Q43115,2
wd:Q1941820,2
wd:Q197,2
wd:Q386147,2
wd:Q18761202,2
wd:Q165580,2
wd:Q21507383,2
wd:Q498162,2
wd:Q1711354,2
wd:Q152018,2
wd:Q1451877,2
wd:Q19820110,2
wd:Q1049294,2
wd:Q9592,2
wd:Q494348,2
wd:Q1743100,2
wd:Q6478447,2
wd:Q739302,2
wd:Q29469,2
wd:Q333,2
wd:Q88356,2
wd:Q10729326,2
wd:Q7167,2
wd:Q123266,2
wd:Q3456650,2
wd:Q3257809,2
wd:Q21503295,2
wd:Q24239898,2
wd:Q176799,2
wd:Q820655,2
wd:Q5151,2
wd:Q7411,2
wd:Q31184,2
wd:Q28530532,2
wd:Q50231,2
wd:Q15620181,2
wd:Q40446,2
wd:Q9200127,2
wd:Q179509,2
wd:Q44325,2
wd:Q248352,2
wd:Q147538,2
wd:Q846110,2
wd:Q283,2
wd:Q1778543,2
wd:Q931597,2
wd:Q18556721,2
wd:Q15028,2
wd:Q1129474,2
wd:Q27994917,2
wd:Q389888,2
wd:Q1144312,2
wd:Q728,2
wd:Q25964111,2
wd:Q3559019,2
wd:Q183504,2
wd:Q623,2
wd:Q15831325,2
wd:Q254549,2
wd:Q7026,2
wd:Q17379685,2
wd:Q184590,2
wd:Q15975450,2
wd:Q15623255,2
wd:Q192283,2
wd:Q1968403,2
wd:Q31028965,2
wd:Q27654220,2
wd:Q615980,2
wd:Q23404,2
wd:Q485258,2
wd:Q182598,2
wd:Q14819859,2
wd:Q11995,2
wd:Q16338,2
wd:Q5082128,2
wd:Q18608359,2
wd:Q753110,2
wd:Q1139274,2
wd:Q61878,2
wd:Q1106,2
wd:Q122224,2
wd:Q929451,2
wd:Q10387689,2
wd:Q1782964,2
wd:Q201419,2
wd:Q3032333,2
wd:Q66221,2
wd:Q237794,2
wd:Q48498,2
wd:Q350758,2
wd:Q9798,2
wd:Q1792450,2
wd:Q15991303,2
wd:Q9759,2
wd:Q1212935,2
wd:Q26267864,2
wd:Q662914,2
wd:Q11652,2
wd:Q23038290,2
wd:Q413,2
wd:Q21286738,2
wd:Q1301561,2
wd:Q11756,2
wd:Q1191504,2
wd:Q101896,2
wd:Q339152,2
wd:Q47629,2
wd:Q30249126,2
wd:Q6024707,2
wd:Q18536342,2
wd:Q1209831,2
wd:Q33198,2
wd:Q5058355,2
wd:Q157031,2
wd:Q5043,2
wd:Q1437937,2
wd:Q1372205,2
wd:Q898712,2
wd:Q196294,2
wd:Q1317251,2
wd:Q47521,2
wd:Q160342,2
wd:Q39463,2
wd:Q658626,2
wd:Q3370097,2
wd:Q193083,2
wd:Q595971,2
wd:Q188830,2
wd:Q5138347,2
wd:Q154224,2
wd:Q18615777,2
wd:Q108,2
wd:Q19609,2
wd:Q888,2
wd:Q208165,2
wd:Q680421,2
wd:Q929848,2
wd:Q12152,2
wd:Q7391292,2
wd:Q6546156,2
wd:Q851990,2
wd:Q16652878,2
wd:Q2502557,2
wd:Q4354683,2
wd:Q41291,2
wd:Q3497366,2
wd:Q13859551,2
wd:Q629206,2
wd:Q16686448,2
wd:Q29968390,2
wd:Q3523102,2
wd:Q31028314,2
wd:Q3604202,2
wd:Q914262,2
wd:Q622460,2
wd:Q17502905,2
wd:Q19890758,1
wd:Q7270,1
wd:Q4116295,1
wd:Q24517852,1
wd:Q10915943,1
wd:Q178928,1
wd:Q1071285,1
wd:Q27631499,1
wd:Q9192,1
wd:Q134161,1
wd:Q203788,1
wd:Q2151232,1
wd:Q1781513,1
wd:Q168983,1
wd:Q205895,1
wd:Q7602915,1
wd:Q2215841,1
wd:Q211781,1
wd:Q2462658,1
wd:Q483247,1
wd:Q88205,1
wd:Q941818,1
wd:Q3071,1
wd:Q26430975,1
wd:Q2141565,1
wd:Q209372,1
wd:Q178061,1
wd:Q1935728,1
wd:Q1509724,1
wd:Q2631496,1
wd:Q9687,1
wd:Q406957,1
wd:Q8488,1
wd:Q13393265,1
wd:Q15654425,1
wd:Q17737,1
wd:Q2015628,1
wd:Q15730631,1
wd:Q590080,1
wd:Q189053,1
wd:Q92438,1
wd:Q4683558,1
wd:Q3133,1
wd:Q35535,1
wd:Q115291,1
wd:Q523058,1
wd:Q8729,1
wd:Q650241,1
wd:Q861951,1
wd:Q9283961,1
wd:Q5971060,1
wd:Q784,1
wd:Q34876,1
wd:Q379813,1
wd:Q192783,1
wd:Q859553,1
wd:Q1391582,1
wd:Q175641,1
wd:Q751728,1
wd:Q1365365,1
wd:Q61509,1
wd:Q39546,1
wd:Q28885102,1
wd:Q26745,1
wd:Q7703797,1
wd:Q131683,1
wd:Q380230,1
wd:Q7631079,1
wd:Q15895907,1
wd:Q23757,1
wd:Q907356,1
wd:Q20089094,1
wd:Q22964274,1
wd:Q998,1
wd:Q216121,1
wd:Q36794,1
wd:Q3184003,1
wd:Q18119757,1
wd:Q3332711,1
wd:Q104021,1
wd:Q167270,1
wd:Q11375740,1
wd:Q12004,1
wd:Q32066628,1
wd:Q930933,1
wd:Q830,1
wd:Q103459,1
wd:Q152841,1
wd:Q837766,1
wd:Q686534,1
wd:Q17537576,1
wd:Q1762165,1
wd:Q8719053,1
wd:Q753297,1
wd:Q500834,1
wd:Q18609040,1
wd:Q79918,1
wd:Q47280,1
wd:Q14745,1
wd:Q319221,1
wd:Q430525,1
wd:Q483394,1
wd:Q28935994,1
wd:Q6674,1
wd:Q1362225,1
wd:Q1428686,1
wd:Q2558684,1
wd:Q21109843,1
wd:Q21000333,1
wd:Q561068,1
wd:Q1762059,1
wd:Q20502,1
wd:Q24294815,1
wd:Q213051,1
wd:Q941036,1
wd:Q171318,1
wd:Q13002315,1
wd:Q4654925,1
wd:Q217691,1
wd:Q11223800,1
wd:Q235729,1
wd:Q14864881,1
wd:Q378427,1
wd:Q302,1
wd:Q618,1
wd:Q722,1
wd:Q8341,1
wd:Q192093,1
wd:Q5621231,1
wd:Q217541,1
wd:Q605117,1
wd:Q1229765,1
wd:Q11411,1
wd:Q677,1
wd:Q21119897,1
wd:Q192581,1
wd:Q26085352,1
wd:Q12042110,1
wd:Q13158,1
wd:Q476294,1
wd:Q8641,1
wd:Q17146139,1
wd:Q1402078,1
wd:Q251395,1
wd:Q18972207,1
wd:Q13590141,1
wd:Q13403037,1
wd:Q1269749,1
wd:Q19600,1
wd:Q563787,1
wd:Q1195942,1
wd:Q1597339,1
wd:Q30139652,1
wd:Q189445,1
wd:Q216926,1
wd:Q11190742,1
wd:Q13253,1
wd:Q1501257,1
wd:Q1622062,1
wd:Q19029,1
wd:Q81799,1
wd:Q694444,1
wd:Q185217,1
wd:Q1472481,1
wd:Q19192441,1
wd:Q2574750,1
wd:Q153562,1
wd:Q173950,1
wd:Q466981,1
wd:Q24962704,1
wd:Q45996,1
wd:Q1350181,1
wd:Q650605,1
wd:Q2695008,1
wd:Q41177,1
wd:Q1455871,1
wd:Q188304,1
wd:Q12199,1
wd:Q29848066,1
wd:Q14819852,1
wd:Q286583,1
wd:Q2532,1
wd:Q2618,1
wd:Q606196,1
wd:Q192691,1
wd:Q37083,1
wd:Q4740894,1
wd:Q1780466,1
wd:Q751911,1
wd:Q170065,1
wd:Q25336,1
wd:Q131596,1
wd:Q110,1
wd:Q596138,1
wd:Q20926517,1
wd:Q7540126,1
wd:Q193893,1
wd:Q131681,1
wd:Q1343997,1
wd:Q1006644,1
wd:Q219557,1
wd:Q208386,1
wd:Q185957,1
wd:Q182015,1
wd:Q7162,1
wd:Q36396,1
wd:Q44494,1
wd:Q2252262,1
wd:Q2643890,1
wd:Q81054,1
wd:Q496805,1
wd:Q15026,1
wd:Q15964890,1
wd:Q2269,1
wd:Q3456602,1
wd:Q1148722,1
wd:Q5200157,1
wd:Q80113,1
wd:Q955489,1
wd:Q20011627,1
wd:Q848944,1
wd:Q22645,1
wd:Q74359,1
wd:Q784148,1
wd:Q11426,1
wd:Q3151887,1
wd:Q25930490,1
wd:Q255722,1
wd:Q47988,1
wd:Q8070,1
wd:Q30415057,1
wd:Q205299,1
wd:Q213907,1
wd:Q2535546,1
wd:Q3579158,1
wd:Q15728963,1
wd:Q4117406,1
wd:Q8097,1
wd:Q23893363,1
wd:Q2125610,1
wd:Q2881060,1
wd:Q324254,1
wd:Q1140229,1
wd:Q13582652,1
wd:Q134041,1
wd:Q185785,1
wd:Q4372150,1
wd:Q20056177,1
wd:Q29901725,1
wd:Q11009,1
wd:Q19,1
wd:Q4130,1
wd:Q640262,1
wd:Q30570183,1
wd:Q495527,1
wd:Q204832,1
wd:Q1784695,1
wd:Q29043181,1
wd:Q25288,1
wd:Q1327300,1
wd:Q83306,1
wd:Q19844914,1
wd:Q1088,1
wd:Q1546,1
wd:Q899336,1
wd:Q193391,1
wd:Q19887243,1
wd:Q18972245,1
wd:Q17166756,1
wd:Q9299236,1
wd:Q327245,1
wd:Q3062125,1
wd:Q29467088,1
wd:Q732744,1
wd:Q2198855,1
wd:Q16334298,1
wd:Q1399576,1
wd:Q13261,1
wd:Q271555,1
wd:Q152088,1
wd:Q182940,1
wd:Q186817,1
wd:Q157146,1
wd:Q50001,1
wd:Q22807258,1
wd:Q6583019,1
wd:Q191081,1
wd:Q1261499,1
wd:Q2245405,1
wd:Q24451526,1
wd:Q855451,1
wd:Q1077333,1
wd:Q1293536,1
wd:Q10374501,1
wd:Q13058055,1
wd:Q43338,1
wd:Q18553212,1
wd:Q182250,1
wd:Q181634,1
wd:Q22671,1
wd:Q2831984,1
wd:Q1760610,1
wd:Q17518461,1
wd:Q13357594,1
wd:Q21421281,1
wd:Q4692249,1
wd:Q25314,1
wd:Q3384,1
wd:Q26986,1
wd:Q178559,1
wd:Q2556234,1
wd:Q285451,1
wd:Q20724789,1
wd:Q15663836,1
wd:Q1472,1
wd:Q42138,1
wd:Q10998,1
wd:Q35473,1
wd:Q1055894,1
wd:Q130232,1
wd:Q2003810,1
wd:Q2671652,1
wd:Q505619,1
wd:Q130857,1
wd:Q181307,1
wd:Q28797,1
wd:Q373342,1
wd:Q1346006,1
wd:Q153126,1
wd:Q462174,1
wd:Q104083,1
wd:Q26251835,1
wd:Q1155622,1
wd:Q29182,1
wd:Q954501,1
wd:Q26371,1
wd:Q1041205,1
wd:Q2518691,1
wd:Q272574,1
wd:Q15665807,1
wd:Q15401633,1
wd:Q978044,1
wd:Q767024,1
wd:Q2915577,1
wd:Q28969364,1
wd:Q47528,1
wd:Q3153784,1
wd:Q11694395,1
wd:Q657,1
wd:Q159558,1
wd:Q8205328,1
wd:Q18928999,1
wd:Q27030992,1
wd:Q7251423,1
wd:Q37710,1
wd:Q21674818,1
wd:Q1152241,1
wd:Q28922083,1
wd:Q290378,1
wd:Q389705,1
wd:Q161179,1
wd:Q474968,1
wd:Q46395,1
wd:Q5164076,1
wd:Q1156073,1
wd:Q13119823,1
wd:Q189533,1
wd:Q189756,1
wd:Q1130645,1
wd:Q1825472,1
wd:Q3333265,1
wd:Q1503450,1
wd:Q1850442,1
wd:Q3132741,1
wd:Q47740,1
wd:Q40477,1
wd:Q18691601,1
wd:Q129270,1
wd:Q327948,1
wd:Q19535108,1
wd:Q1266946,1
wd:Q182103,1
wd:Q781132,1
wd:Q2097994,1
wd:Q1047437,1
wd:Q159821,1
wd:Q893,1
wd:Q477248,1
wd:Q177166,1
wd:Q2382369,1
wd:Q1226651,1
wd:Q30240612,1
wd:Q1137726,1
wd:Q31561041,1
wd:Q223200,1
wd:Q196,1
wd:Q466603,1
wd:Q1509831,1
wd:Q1235234,1
wd:Q174165,1
wd:Q44044,1
wd:Q2666,1
wd:Q157957,1
wd:Q1093954,1
wd:Q844326,1
wd:Q8201,1
wd:Q135010,1
wd:Q3560951,1
wd:Q7565,1
wd:Q19088,1
wd:Q1358,1
wd:Q308905,1
wd:Q189021,1
wd:Q152323,1
wd:Q958314,1
wd:Q32597970,1
wd:Q32753077,1
wd:Q874405,1
wd:Q11417,1
wd:Q1425557,1
wd:Q7843791,1
wd:Q3243765,1
wd:Q521179,1
wd:Q175173,1
wd:Q468455,1
wd:Q193885,1
wd:Q17202187,1
wd:Q12015335,1
wd:Q7250271,1
wd:Q173782,1
wd:Q1710033,1
wd:Q28819924,1
wd:Q209,1
wd:Q1514395,1
wd:Q2066674,1
wd:Q9394,1
wd:Q161161,1
wd:Q28464929,1
wd:Q24565968,1
wd:Q8094,1
wd:Q30334254,1
wd:Q29981662,1
wd:Q784688,1
wd:Q2306047,1
wd:Q29560,1
wd:Q5090,1
wd:Q724443,1
wd:Q29913592,1
wd:Q19631939,1
wd:Q956165,1
wd:Q10513450,1
wd:Q7333746,1
wd:Q1734,1
wd:Q80151,1
wd:Q185185,1
wd:Q2712963,1
wd:Q6422240,1
wd:Q670,1
wd:Q14276458,1
wd:Q22731,1
wd:Q10687729,1
wd:Q23498,1
wd:Q15841920,1
wd:Q1143070,1
wd:Q1048314,1
wd:Q682944,1
wd:Q7631083,1
wd:Q8060,1
wd:Q1026,1
wd:Q211201,1
wd:Q897,1
wd:Q2018526,1
wd:Q15298259,1
wd:Q514860,1
wd:Q2393184,1
wd:Q2979,1
wd:Q197952,1
wd:Q190928,1
wd:Q6031029,1
wd:Q372436,1
wd:Q20165,1
wd:Q105210,1
wd:Q20932605,1
wd:Q748611,1
wd:Q797971,1
wd:Q4683593,1
wd:Q3055126,1
wd:Q5849,1
wd:Q5961279,1
wd:Q2661442,1
wd:Q7302866,1
wd:Q697379,1
wd:Q867371,1
wd:Q2715909,1
wd:Q15042137,1
wd:Q2529166,1
wd:Q462778,1
wd:Q11146,1
wd:Q205570,1
wd:Q931754,1
wd:Q21127166,1
wd:Q2501,1
wd:Q2653,1
wd:Q2671,1
wd:Q2664,1
wd:Q268378,1
wd:Q2662845,1
wd:Q119,1
wd:Q178512,1
wd:Q638608,1
wd:Q1484503,1
wd:Q127771,1
wd:Q1113289,1
wd:Q580889,1
wd:Q455315,1
wd:Q156362,1
wd:Q170201,1
wd:Q79218,1
wd:Q132834,1
wd:Q2857578,1
wd:Q444677,1
wd:Q267596,1
wd:Q7362268,1
wd:Q81938,1
wd:Q175185,1
wd:Q131436,1
wd:Q7632586,1
wd:Q163943,1
wd:Q160034,1
wd:Q681263,1
wd:Q22699,1
wd:Q26899,1
wd:Q1155083,1
wd:Q28555911,1
wd:Q780,1
wd:Q10855242,1
wd:Q485537,1
wd:Q3569290,1
wd:Q6617100,1
wd:Q217525,1
wd:Q4567002,1
wd:Q574299,1
wd:Q1863435,1
wd:Q967960,1
wd:Q24634210,1
wd:Q196627,1
wd:Q4892352,1
wd:Q134768,1
wd:Q537127,1
wd:Q1196314,1
wd:Q147768,1
wd:Q15197056,1
wd:Q24040733,1
wd:Q755017,1
wd:Q20683475,1
wd:Q15921247,1
wd:Q483569,1
wd:Q41386,1
wd:Q5727902,1
wd:Q8727648,1
wd:Q717478,1
wd:Q184573,1
wd:Q836240,1
wd:Q613299,1
wd:Q47315,1
wd:Q1664720,1
wd:Q1047113,1
wd:Q6584,1
wd:Q178600,1
wd:Q7491078,1
wd:Q2920963,1
wd:Q669569,1
wd:Q17279753,1
wd:Q12483,1
wd:Q7269,1
wd:Q841818,1
wd:Q15060255,1
wd:Q31385480,1
wd:Q743544,1
wd:Q1670189,1
wd:Q2824644,1
wd:Q1162163,1
wd:Q1369686,1
wd:Q468081,1
wd:Q24489,1
wd:Q2766,1
wd:Q1368,1
wd:Q2574,1
wd:Q810198,1
wd:Q2159907,1
wd:Q844713,1
wd:Q746628,1
wd:Q1312529,1
wd:Q22984450,1
wd:Q165436,1
wd:Q37525,1
wd:Q15978441,1
wd:Q2561390,1
wd:Q193606,1
wd:Q6663,1
wd:Q496825,1
wd:Q9081,1
wd:Q180614,1
wd:Q7925,1
wd:Q1310239,1
wd:Q7401,1
wd:Q620207,1
wd:Q485150,1
wd:Q10901350,1
wd:Q30277550,1
wd:Q192239,1
wd:Q3272410,1
wd:Q583157,1
wd:Q1202812,1
wd:Q257885,1
wd:Q2995644,1
wd:Q3505845,1
wd:Q10298203,1
wd:Q19809,1
wd:Q146470,1
wd:Q486487,1
wd:Q1393724,1
wd:Q44619,1
wd:Q4162386,1
wd:Q9078,1
wd:Q12225020,1
wd:Q312466,1
wd:Q23906019,1
wd:Q3748739,1
wd:Q557009,1
wd:Q192060,1
wd:Q22268901,1
wd:Q37547,1
wd:Q136,1
wd:Q365132,1
wd:Q18543139,1
wd:Q11774263,1
wd:Q179637,1
wd:Q83328,1
wd:Q28149961,1
wd:Q6154783,1
wd:Q19860854,1
wd:Q506702,1
wd:Q64418,1
wd:Q30159504,1
wd:Q2992826,1
wd:Q3266850,1
wd:Q61061,1
wd:Q7817,1
wd:Q8253,1
wd:Q6097,1
wd:Q29221,1
wd:Q27994918,1
wd:Q9266,1
wd:Q866153,1
wd:Q772630,1
wd:Q13228,1
wd:Q2596997,1
wd:Q15961987,1
wd:Q625151,1
wd:Q913,1
wd:Q609588,1
wd:Q2995256,1
wd:Q327055,1
wd:Q653485,1
wd:Q1814009,1
wd:Q3042547,1
wd:Q15072596,1
wd:Q898362,1
wd:Q9268,1
wd:Q706364,1
wd:Q26540,1
wd:Q645883,1
wd:Q2676,1
wd:Q45981,1
wd:Q1621322,1
wd:Q935741,1
wd:Q17379835,1
wd:Q1320217,1
wd:Q30106715,1
wd:Q2247,1
wd:Q2659,1
wd:Q1362364,1
wd:Q122,1
wd:Q190107,1
wd:Q170196,1
wd:Q28877390,1
wd:Q27494256,1
wd:Q821435,1
wd:Q157443,1
wd:Q128709,1
wd:Q738473,1
wd:Q11229,1
wd:Q9350,1
wd:Q115940,1
wd:Q2973931,1
wd:Q601401,1
wd:Q16831714,1
wd:Q1338798,1
wd:Q29701762,1
wd:Q29820118,1
wd:Q7368,1
wd:Q22724,1
wd:Q101659,1
wd:Q114409,1
wd:Q169872,1
wd:Q23384,1
wd:Q755707,1
wd:Q330395,1
wd:Q157069,1
wd:Q18340294,1
wd:Q220858,1
wd:Q659396,1
wd:Q30334327,1
wd:Q3679502,1
wd:Q17144541,1
wd:Q124291,1
wd:Q222344,1
wd:Q155972,1
wd:Q768575,1
wd:Q184752,1
wd:Q201456,1
wd:Q128751,1
wd:Q14018439,1
wd:Q674541,1
wd:Q4330518,1
wd:Q632897,1
wd:Q2116408,1
wd:Q30301606,1
wd:Q5157540,1
wd:Q214932,1
wd:Q2259451,1
wd:Q2505921,1
wd:Q1872262,1
wd:Q27881073,1
wd:Q1810858,1
wd:Q462040,1
wd:Q6721654,1
wd:Q179232,1
wd:Q22649,1
wd:Q1445650,1
wd:Q1666934,1
wd:Q893802,1
wd:Q222595,1
wd:Q833941,1
wd:Q124441,1
wd:Q57368,1
wd:Q10571400,1
wd:Q7247847,1
wd:Q27038995,1
wd:Q19269277,1
wd:Q906512,1
wd:Q121842,1
wd:Q37159,1
wd:Q81,1
wd:Q27994922,1
wd:Q152834,1
wd:Q1051265,1
wd:Q13302,1
wd:Q3494357,1
wd:Q1427887,1
wd:Q12214,1
wd:Q23698381,1
wd:Q9228,1
wd:Q188604,1
wd:Q28362371,1
wd:Q7063944,1
wd:Q640364,1
wd:Q877127,1
wd:Q3330995,1
wd:Q427087,1
wd:Q25449120,1
wd:Q2962070,1
wd:Q23835475,1
wd:Q9471,1
wd:Q1941921,1
wd:Q2487961,1
wd:Q13539802,1
wd:Q1322402,1
wd:Q2351,1
wd:Q2623,1
wd:Q18347143,1
wd:Q181322,1
wd:Q28813,1
wd:Q3303330,1
wd:Q28517279,1
wd:Q178588,1
wd:Q133862,1
wd:Q1477,1
wd:Q502163,1
wd:Q726474,1
wd:Q1734300,1
wd:Q39594,1
wd:Q28693603,1
wd:Q3778211,1
wd:Q11435,1
wd:Q29539,1
wd:Q16938807,1
wd:Q811704,1
wd:Q11828004,1
wd:Q24577840,1
wd:Q422500,1
wd:Q389934,1
wd:Q57598,1
wd:Q1760141,1
wd:Q7058673,1
wd:Q1367,1
wd:Q5956785,1
wd:Q19832242,1
wd:Q27670147,1
wd:Q24925,1
wd:Q171634,1
wd:Q1047443,1
wd:Q3895768,1
wd:Q559618,1
wd:Q685320,1
wd:Q3523867,1
wd:Q30327532,1
wd:Q180673,1
wd:Q1311958,1
wd:Q15636229,1
wd:Q62932,1
wd:Q473227,1
wd:Q6501106,1
wd:Q83042,1
wd:Q408804,1
wd:Q1588,1
wd:Q212828,1
wd:Q1121,1
wd:Q1968664,1
wd:Q731100,1
wd:Q75,1
wd:Q15562063,1
wd:Q6055843,1
wd:Q1365179,1
wd:Q2979024,1
wd:Q2186484,1
wd:Q6498903,1
wd:Q19816359,1
wd:Q39908,1
wd:Q49476,1
wd:Q23497981,1
wd:Q45948,1
wd:Q899523,1
wd:Q12857432,1
wd:Q189125,1
wd:Q2593777,1
wd:Q846570,1
wd:Q76074,1
wd:Q12206,1
wd:Q451967,1
wd:Q284742,1
wd:Q58339,1
wd:Q473984,1
wd:Q9212,1
wd:Q1158173,1
wd:Q1402561,1
wd:Q178079,1
wd:Q17240258,1
wd:Q679206,1
wd:Q7315155,1
wd:Q2485448,1
wd:Q92062,1
wd:Q1343246,1
wd:Q1255921,1
wd:Q203415,1
wd:Q27994921,1
wd:Q28100194,1
wd:Q153710,1
wd:Q13233,1
wd:Q856330,1
wd:Q13317,1
wd:Q131748,1
wd:Q34027,1
wd:Q482612,1
wd:Q3332438,1
wd:Q15630849,1
wd:Q132364,1
wd:Q4936952,1
wd:Q187939,1
wd:Q201783,1
wd:Q3932296,1
wd:Q579688,1
wd:Q7128792,1
wd:Q685309,1
wd:Q750277,1
wd:Q25929224,1
wd:Q10756188,1
wd:Q877,1
wd:Q1338119,1
wd:Q17538690,1
wd:Q202435,1
wd:Q22674925,1
wd:Q52948,1
wd:Q4204501,1
wd:Q2687,1
wd:Q19967801,1
wd:Q17487588,1
wd:Q165028,1
wd:Q188840,1
wd:Q24434794,1
wd:Q749997,1
wd:Q19902884,1
wd:Q39833,1
wd:Q13184,1
wd:Q93661,1
wd:Q11432,1
wd:Q2177636,1
wd:Q3198719,1
wd:Q27230968,1
wd:Q83270,1
wd:Q1132127,1
wd:Q2488,1
wd:Q11184,1
wd:Q16884952,1
wd:Q652256,1
wd:Q624758,1
wd:Q19413,1
wd:Q209369,1
wd:Q9357527,1
wd:Q2879,1
wd:Q16503,1
wd:Q11166728,1
wd:Q11047409,1
wd:Q81707,1
wd:Q1920785,1
wd:Q275792,1
wd:Q573344,1
wd:Q181860,1
wd:Q41520,1
wd:Q17553950,1
wd:Q654291,1
wd:Q1163915,1
wd:Q15630895,1
wd:Q27597,1
wd:Q248577,1
wd:Q2973941,1
wd:Q329439,1
wd:Q11635,1
wd:Q2537,1
wd:Q162908,1
wd:Q3482281,1
wd:Q9773,1
wd:Q726235,1
wd:Q184872,1
wd:Q30125896,1
wd:Q155239,1
wd:Q21743174,1
wd:Q182436,1
wd:Q1663795,1
wd:Q2341939,1
wd:Q82996,1
wd:Q1917775,1
wd:Q812880,1
wd:Q2184715,1
wd:Q6147804,1
wd:Q4485156,1
wd:Q162,1
wd:Q1850612,1
wd:Q14645593,1
wd:Q1301371,1
wd:Q911663,1
wd:Q245016,1
wd:Q28791169,1
wd:Q979531,1
wd:Q6458277,1
wd:Q1107679,1
wd:Q6558431,1
wd:Q10283556,1
wd:Q7042855,1
wd:Q7631073,1
wd:Q1426,1
wd:Q2325081,1
wd:Q1051411,1
wd:Q476075,1
wd:Q18511725,1
wd:Q79751,1
wd:Q1631129,1
wd:Q8785,1
wd:Q137773,1
wd:Q1400264,1
wd:Q863944,1
wd:Q93189,1
wd:Q28100368,1
wd:Q233591,1
wd:Q2492014,1
wd:Q1191753,1
wd:Q15401699,1
wd:Q290,1
wd:Q49389,1
wd:Q132265,1
wd:Q170406,1
wd:Q18384454,1
wd:Q281719,1
wd:Q4384751,1
wd:Q845739,1
wd:Q112865,1
wd:Q533309,1
wd:Q772123,1
wd:Q3435941,1
wd:Q381072,1
wd:Q193563,1
wd:Q24060765,1
wd:Q556,1
wd:Q1372384,1
wd:Q185086,1
wd:Q21836433,1
wd:Q6138701,1
wd:Q922448,1
wd:Q81513,1
wd:Q2612,1
wd:Q25326,1
wd:Q123509,1
wd:Q38829,1
wd:Q7163,1
wd:Q131517,1
wd:Q81875,1
wd:Q37868,1
wd:Q20738,1
wd:Q643589,1
wd:Q182060,1
wd:Q695860,1
wd:Q914105,1
wd:Q7974142,1
wd:Q23916,1
wd:Q976981,1
wd:Q847,1
wd:Q210953,1
wd:Q27043680,1
wd:Q15253558,1
wd:Q2713747,1
wd:Q54767,1
wd:Q13366129,1
wd:Q1298934,1
wd:Q55818,1
wd:Q2265866,1
wd:Q334453,1
wd:Q11538,1
wd:Q471866,1
wd:Q18142,1
wd:Q181508,1
wd:Q1896949,1
wd:Q10978,1
wd:Q17763739,1
wd:Q2235308,1
wd:Q2739141,1
wd:Q10843872,1
wd:Q169930,1
wd:Q169336,1
wd:Q3958441,1
wd:Q708676,1
wd:Q21073501,1
wd:Q21562164,1
wd:Q2927074,1
wd:Q22996476,1
wd:Q1149531,1
wd:Q662729,1
wd:Q2434238,1
wd:Q184148,1
wd:Q27043907,1
wd:Q1960551,1
wd:Q2001385,1
wd:Q11513337,1
wd:Q161243,1
wd:Q30564537,1
wd:Q28530564,1
wd:Q1016853,1
wd:Q622825,1
wd:Q8748,1
wd:Q244339,1
wd:Q39275,1
wd:Q5994,1
wd:Q41323,1
wd:Q7954,1
wd:Q1663017,1
wd:Q2495862,1
wd:Q11900058,1
wd:Q1780825,1
wd:Q118171,1
wd:Q43380,1
wd:Q7857,1
wd:Q195,1
wd:Q3916957,1
wd:Q238306,1
wd:Q57223,1
wd:Q28911163,1
wd:Q9053,1
wd:Q3610527,1
wd:Q173265,1
wd:Q768267,1
wd:Q1359006,1
wd:Q28549308,1
wd:Q19791817,1
wd:Q42848,1
wd:Q2974842,1
wd:Q2329,1
wd:Q191893,1
wd:Q34493,1
wd:Q1136352,1
wd:Q768717,1
wd:Q2312440,1
wd:Q1304193,1
wd:Q878116,1
wd:Q2490986,1
wd:Q7644128,1
wd:Q284416,1
wd:Q7066,1
wd:Q6108942,1
wd:Q180160,1
wd:Q166620,1
wd:Q272167,1
wd:Q3445354,1
wd:Q7020,1
wd:Q1073121,1
wd:Q246672,1
wd:Q811430,1
wd:Q2550,1
wd:Q911138,1
wd:Q2247340,1
wd:Q18575734,1
wd:Q1360,1
wd:Q18679149,1
wd:Q549322,1
wd:Q18602451,1
wd:Q128635,1
wd:Q631305,1
wd:Q674426,1
wd:Q201788,1
wd:Q132438,1
wd:Q17560541,1
wd:Q4201895,1
wd:Q5056668,1
wd:Q23623059,1
wd:Q104157,1
wd:Q24746,1
wd:Q653916,1
wd:Q181032,1
wd:Q1049021,1
wd:Q28100549,1
wd:Q2479493,1
wd:Q7584266,1
wd:Q1151241,1
wd:Q166907,1
wd:Q15087423,1
wd:Q11755959,1
wd:Q15700834,1
wd:Q5015574,1
wd:Q543,1
wd:Q23925661,1
wd:Q766366,1
wd:Q22302160,1
wd:Q12503,1
wd:Q101017,1
wd:Q153946,1
wd:Q170486,1
wd:Q23492,1
wd:Q1094,1
wd:Q1640319,1
wd:Q1241288,1
wd:Q595094,1
wd:Q227936,1
wd:Q9166501,1
wd:Q9415,1
wd:Q192874,1
wd:Q6989196,1
wd:Q528166,1
wd:Q2546327,1
wd:Q179872,1
wd:Q18915989,1
wd:Q29610130,1
wd:Q19478619,1
wd:Q2142568,1
wd:Q102356,1
wd:Q31920,1
wd:Q30559504,1
wd:Q440611,1
wd:Q33005,1
wd:Q44539,1
wd:Q19558910,1
wd:Q770948,1
wd:Q188748,1
wd:Q1230708,1
wd:Q11469,1
wd:Q29969011,1
wd:Q79797,1
wd:Q211052,1
wd:Q18694248,1
wd:Q428,1
wd:Q25167,1
wd:Q222764,1
wd:Q82042,1
wd:Q3025883,1
wd:Q213918,1
wd:Q124734,1
wd:Q38066,1
wd:Q1054799,1
wd:Q11699,1
wd:Q11180,1
wd:Q911736,1
wd:Q16342,1
wd:Q22222786,1
wd:Q746369,1
wd:Q213441,1
wd:Q448535,1
wd:Q10571983,1
wd:Q10493486,1
wd:Q284279,1
wd:Q20129,1
wd:Q804297,1
wd:Q170037,1
wd:Q11761,1
wd:Q9053464,1
wd:Q11412,1
wd:Q23852,1
wd:Q37748,1
wd:Q616005,1
wd:Q61883,1
wd:Q542797,1
wd:Q843555,1
wd:Q884030,1
wd:Q2520520,1
wd:Q15623966,1
wd:Q18669875,1
wd:Q898273,1
wd:Q23838648,1
wd:Q1744559,1
wd:Q11466,1
wd:Q5864,1
wd:Q1128324,1
wd:Q212920,1
wd:Q57053,1
wd:Q1620945,1
wd:Q17701409,1
wd:Q3933727,1
wd:Q18536132,1
wd:Q34095,1
wd:Q748349,1
wd:Q2668,1
wd:Q7873,1
wd:Q623398,1
wd:Q12806437,1
wd:Q2095549,1
wd:Q20113851,1
wd:Q1617747,1
wd:Q179661,1
wd:Q739936,1
wd:Q131183,1
wd:Q484344,1
wd:Q5736539,1
wd:Q23905964,1
wd:Q517386,1
wd:Q558941,1
wd:Q1571674,1
wd:Q1232974,1
wd:Q180774,1
wd:Q131539,1
wd:Q1651051,1
wd:Q694554,1
wd:Q2609670,1
wd:Q963729,1
wd:Q575759,1
wd:Q9027,1
wd:Q906415,1
wd:Q18975047,1
wd:Q189393,1
wd:Q200334,1
wd:Q2110788,1
wd:Q3046146,1
wd:Q666242,1
wd:Q21111479,1
wd:Q33767,1
wd:Q1567915,1
wd:Q20769160,1
wd:Q73633,1
wd:Q464980,1
wd:Q3114762,1
wd:Q44127,1
wd:Q58,1
wd:Q31963,1
wd:Q84072,1
wd:Q83440,1
wd:Q4198907,1
wd:Q131419,1
wd:Q350945,1
wd:Q134808,1
wd:Q26869768,1
wd:Q47071,1
wd:Q103184,1
wd:Q1569495,1
wd:Q1156659,1
wd:Q1114515,1
wd:Q15686806,1
wd:Q2388316,1
wd:Q2255,1
wd:Q13136,1
wd:Q11124885,1
wd:Q220644,1
wd:Q42569,1
wd:Q12107,1
wd:Q1855011,1
wd:Q831663,1
wd:Q1640628,1
wd:Q12973014,1
wd:Q565410,1
wd:Q28953987,1
wd:Q840454,1
wd:Q154607,1
wd:Q6186,1
wd:Q24571886,1
wd:Q929833,1
wd:Q44687,1
wd:Q878040,1
wd:Q17149090,1
wd:Q2638480,1
wd:Q29546443,1
wd:Q20909618,1
wd:Q212071,1
wd:Q190900,1
wd:Q480220,1
wd:Q8486,1
wd:Q182339,1
wd:Q59170,1
wd:Q21964210,1
wd:Q164606,1
wd:Q267497,1
wd:Q2055789,1
wd:Q156103,1
wd:Q9089,1
wd:Q11798648,1
wd:Q182545,1
wd:Q1288568,1
wd:Q2003535,1
wd:Q7309443,1
wd:Q843752,1
wd:Q3976655,1
wd:Q15623974,1
wd:Q215980,1
wd:Q2740635,1
wd:Q42388,1
wd:Q24243801,1
wd:Q34113,1
wd:Q878130,1
wd:Q1668024,1
wd:Q19814,1
wd:Q6501380,1
wd:Q1621034,1
wd:Q2102,1
wd:Q2665,1
wd:Q2616,1
wd:Q1984758,1
wd:Q336181,1
wd:Q169,1
wd:Q8331,1
wd:Q66344,1
wd:Q124,1
wd:Q130825,1
wd:Q19364326,1
wd:Q1076579,1
wd:Q1074173,1
wd:Q483352,1
wd:Q133056,1
wd:Q24869,1
wd:Q627302,1
wd:Q620471,1
wd:Q145167,1
wd:Q28754054,1
wd:Q229390,1
wd:Q17089653,1
wd:Q733553,1
wd:Q2143665,1
wd:Q7559,1
wd:Q835016,1
wd:Q974394,1
wd:Q214339,1
wd:Q9261468,1
wd:Q8242,1
wd:Q105999,1
wd:Q204577,1
wd:Q2731419,1
wd:Q1790360,1
wd:Q19842071,1
wd:Q483373,1
wd:Q4018482,1
wd:Q987767,1
wd:Q1542314,1
wd:Q15617994,1
wd:Q247506,1
wd:Q941150,1
wd:Q943017,1
wd:Q3364603,1
wd:Q19656847,1
wd:Q15089606,1
wd:Q3457472,1
wd:Q2239243,1
wd:Q15056993,1
wd:Q208084,1
wd:Q14770218,1
wd:Q7955,1
wd:Q175026,1
wd:Q2295204,1
wd:Q1049852,1
wd:Q12126757,1
wd:Q173514,1
wd:Q128581,1
wd:Q290460,1
wd:Q7922,1
wd:Q1065579,1
wd:Q189214,1
wd:Q154549,1
wd:Q25303346,1
wd:Q16560,1
wd:Q22678605,1
wd:Q467265,1
wd:Q2389905,1
wd:Q142043,1
wd:Q607913,1
wd:Q158438,1
wd:Q21002266,1
wd:Q3183364,1
wd:Q1500350,1
wd:Q1137809,1
wd:Q40056,1
wd:Q218295,1
wd:Q41726,1
wd:Q11474,1
wd:Q2154459,1
wd:Q570208,1
wd:Q15313532,1
wd:Q193592,1
wd:Q28575,1
wd:Q2850068,1
wd:Q16438244,1
wd:Q1758037,1
wd:Q5266741,1
wd:Q16587531,1
wd:Q165199,1
wd:Q36465,1
wd:Q8492,1
wd:Q27043652,1
wd:Q21976260,1
wd:Q1211297,1
wd:Q4287,1
wd:Q311773,1
wd:Q310890,1
wd:Q1369723,1
wd:Q998840,1
wd:Q7283,1
wd:Q27914,1
wd:Q1425971,1
wd:Q12546,1
wd:Q646728,1
wd:Q15644782,1
wd:Q191154,1
wd:Q420860,1
wd:Q53268,1
wd:Q8889,1
wd:Q208202,1
wd:Q131541,1
wd:Q39645,1
wd:Q2424,1
wd:Q17276482,1
wd:Q2673947,1
wd:Q190903,1
wd:Q1725788,1
wd:Q160742,1
wd:Q182274,1
wd:Q1410110,1
wd:Q192851,1
wd:Q47604,1
wd:Q1756454,1
wd:Q838795,1
wd:Q1245089,1
wd:Q17781833,1
wd:Q11691318,1
wd:Q24286894,1
wdt:P31,34843
wdt:P279,13765
wdt:P17,7778
wdt:P131,5523
wdt:P106,3676
wdt:P21,2810
wdt:P50,2351
wdt:P361,1942
wdt:P39,1898
wdt:P27,1898
wdt:P19,1878
wdt:P703,1677
wdt:P26,1338
wdt:P69,1278
wdt:P921,1270
wdt:P30,1144
wdt:P40,869
wdt:P376,835
wdt:P501,828
wdt:P1433,818
wdt:P276,787
wdt:P57,690
wdt:P136,653
wdt:P166,651
wdt:P2860,646
wdt:P1435,636
wdt:P170,631
wdt:P735,612
wdt:P1269,539
wdt:P734,532
wdt:P495,453
wdt:P527,451
wdt:P129,399
wdt:P509,384
wdt:P20,378
wdt:P36,373
wdt:P171,361
wdt:P149,349
wdt:P22,342
wdt:P463,331
wdt:P641,308
wdt:P102,301
wdt:P159,299
wdt:P138,296
wdt:P2548,291
wdt:P161,288
wdt:P54,283
wdt:P6,264
wdt:P180,258
wdt:P108,257
wdt:P195,251
wdt:P1416,249
wdt:P25,245
wdt:P179,220
wdt:P119,212
wdt:P460,206
wdt:P1196,201
wdt:P155,186
wdt:P272,154
wdt:P127,147
wdt:P105,145
wdt:P140,142
wdt:P186,138
wdt:P118,135
wdt:P150,133
wdt:P452,132
wdt:P84,129
wdt:P101,129
wdt:P156,128
wdt:P301,127
wdt:P740,125
wdt:P551,124
wdt:P910,122
wdt:P1411,121
wdt:P1001,120
wdt:P1313,120
wdt:P1412,116
wdt:P123,110
wdt:P172,107
wdt:P364,104
wdt:P688,102
wdt:P137,102
wdt:P706,97
wdt:P135,94
wdt:P144,92
wdt:P81,90
wdt:P407,88
wdt:P3373,86
wdt:P2670,85
wdt:P47,83
wdt:P86,83
wdt:P37,82
wdt:P286,81
wdt:P462,77
wdt:P971,76
wdt:P115,74
wdt:P176,72
wdt:P53,69
wdt:P1056,69
wdt:P1366,64
wdt:P1629,63
wdt:P2853,62
wdt:P1071,61
wdt:P112,61
wdt:P610,58
wdt:P1889,57
wdt:P103,57
wdt:P175,56
wdt:P360,55
wdt:P3823,55
wdt:P449,54
wdt:P793,54
wdt:P61,52
wdt:P162,52
wdt:P1346,51
wdt:P1038,51
wdt:P485,50
wdt:P1344,49
wdt:P1142,49
wdt:P421,48
wdt:P1308,47
wdt:P2962,46
wdt:P190,44
wdt:P749,43
wdt:P366,42
wdt:P1552,41
wdt:P16,40
wdt:P737,40
wdt:P826,40
wdt:P291,39
wdt:P91,39
wdt:P937,39
wdt:P403,38
wdt:P59,38
wdt:P780,36
wdt:P157,35
wdt:P110,35
wdt:P275,34
wdt:P1340,34
wdt:P1441,34
wdt:P1454,33
wdt:P169,32
wdt:P608,32
wdt:P512,32
wdt:P2378,31
wdt:P800,29
wdt:P1343,29
wdt:P488,29
wdt:P1990,29
wdt:P264,29
wdt:P1399,29
wdt:P2416,28
wdt:P840,28
wdt:P991,28
wdt:P1557,27
wdt:P197,27
wdt:P2341,27
wdt:P2283,27
wdt:P263,27
wdt:P930,27
wdt:P35,26
wdt:P178,26
wdt:P425,26
wdt:P414,26
wdt:P629,26
wdt:P88,26
wdt:P1622,26
wdt:P1365,25
wdt:P114,25
wdt:P58,25
wdt:P1376,24
wdt:P828,24
wdt:P141,24
wdt:P2937,24
wdt:P417,24
wdt:P1995,24
wdt:P1066,24
wdt:P1080,23
wdt:P3150,23
wdt:P825,23
wdt:P741,22
wdt:P277,22
wdt:P66,22
wdt:P355,22
wdt:P1303,21
wdt:P552,21
wdt:P2439,21
wdt:P611,21
wdt:P612,20
wdt:P931,20
wdt:P1542,19
wdt:P2789,19
wdt:P669,19
wdt:P747,19
wdt:P306,18
wdt:P38,18
wdt:P1950,18
wdt:P789,18
wdt:P1037,18
wdt:P489,17
wdt:P3828,17
wdt:P681,17
wdt:P1877,17
wdt:P802,16
wdt:P2959,16
wdt:P206,16
wdt:P121,16
wdt:P674,16
wdt:P2417,16
wdt:P1533,15
wdt:P3433,15
wdt:P710,15
wdt:P413,14
wdt:P2541,14
wdt:P241,14
wdt:P541,14
wdt:P1398,14
wdt:P167,14
wdt:P2936,14
wdt:P122,14
wdt:P1576,13
wdt:P1040,13
wdt:P682,13
wdt:P2308,13
wdt:P1830,13
wdt:P282,13
wdt:P2302,13
wdt:P664,13
wdt:P4000,12
wdt:P3602,12
wdt:P4002,12
wdt:P1427,11
wdt:P725,11
wdt:P1999,11
wdt:P642,11
wdt:P972,11
wdt:P453,11
wdt:P194,11
wdt:P1456,11
wdt:P885,11
wdt:P189,11
wdt:P3018,11
wdt:P1074,11
wdt:P1546,10
wdt:P375,10
wdt:P2974,10
wdt:P607,10
wdt:P113,10
wdt:P1073,10
wdt:P1884,10
wdt:P1079,10
wdt:P2176,9
wdt:P1923,9
wdt:P3876,9
wdt:P1773,9
wdt:P1050,9
wdt:P2578,9
wdt:P680,9
wdt:P2175,9
wdt:P3716,9
wdt:P1389,9
wdt:P451,9
wdt:P2827,8
wdt:P1532,8
wdt:P2852,8
wdt:P208,8
wdt:P1853,8
wdt:P2715,8
wdt:P85,8
wdt:P1855,8
wdt:P461,8
wdt:P1878,8
wdt:P411,8
wdt:P1686,7
wdt:P3643,7
wdt:P880,7
wdt:P2237,7
wdt:P3358,7
wdt:P1582,7
wdt:P287,7
wdt:P97,7
wdt:P1547,7
wdt:P98,7
wdt:P1906,6
wdt:P1072,6
wdt:P3450,6
wdt:P1429,6
wdt:P2633,6
wdt:P1444,6
wdt:P410,6
wdt:P466,6
wdt:P3912,6
wdt:P1792,6
wdt:P2293,6
wdt:P1060,5
wdt:P404,5
wdt:P184,5
wdt:P4099,5
wdt:P134,5
wdt:P1535,5
wdt:P201,5
wdt:P2848,5
wdt:P1754,5
wdt:P726,5
wdt:P397,5
wdt:P2632,5
wdt:P400,5
wdt:P655,5
wdt:P518,5
wdt:P2354,5
wdt:P163,5
wdt:P943,5
wdt:P708,5
wdt:P2388,4
wdt:P511,4
wdt:P2650,4
wdt:P2348,4
wdt:P1424,4
wdt:P398,4
wdt:P794,4
wdt:P1840,4
wdt:P1896,4
wdt:P654,4
wdt:P1151,4
wdt:P2321,4
wdt:P479,4
wdt:P2695,4
wdt:P2813,4
wdt:P1387,4
wdt:P702,4
wdt:P941,4
wdt:P768,4
wdt:P831,3
wdt:P1028,3
wdt:P128,3
wdt:P3494,3
wdt:P2094,3
wdt:P177,3
wdt:P126,3
wdt:P1027,3
wdt:P658,3
wdt:P2849,3
wdt:P2868,3
wdt:P2876,3
wdt:P199,3
wdt:P289,3
wdt:P814,3
wdt:P1192,3
wdt:P521,3
wdt:P4043,3
wdt:P1423,3
wdt:P530,3
wdt:P87,3
wdt:P3033,3
wdt:P2061,3
wdt:P65,3
wdt:P2922,3
wdt:P609,3
wdt:P3148,3
wdt:P437,3
wdt:P2869,3
wdt:P915,3
wdt:P1434,2
wdt:P500,2
wdt:P1431,2
wdt:P1012,2
wdt:P689,2
wdt:P1811,2
wdt:P3831,2
wdt:P3195,2
wdt:P3301,2
wdt:P522,2
wdt:P1204,2
wdt:P769,2
wdt:P450,2
wdt:P1057,2
wdt:P795,2
wdt:P631,2
wdt:P3025,2
wdt:P1962,2
wdt:P912,2
wdt:P812,2
wdt:P3921,2
wdt:P4044,2
wdt:P796,2
wdt:P3095,2
wdt:P2770,2
wdt:P1408,2
wdt:P1268,2
wdt:P1478,2
wdt:P2184,2
wdt:P533,2
wdt:P553,2
wdt:P870,2
wdt:P3320,2
wdt:P4032,2
wdt:P1789,2
wdt:P832,2
wdt:P3274,2
wdt:P3085,2
wdt:P2517,2
wdt:P2758,2
wdt:P565,2
wdt:P1283,2
wdt:P1264,2
wdt:P2668,2
wdt:P408,2
wdt:P1000,2
wdt:P770,2
wdt:P1891,2
wdt:P579,2
wdt:P805,2
wdt:P3300,2
wdt:P841,2
wdt:P1075,2
wdt:P837,2
wdt:P2882,2
wdt:P3259,2
wdt:P1419,2
wdt:P1299,2
wdt:P1537,1
wdt:P3342,1
wdt:P1876,1
wdt:P427,1
wdt:P3357,1
wdt:P1591,1
wdt:P2739,1
wdt:P2079,1
wdt:P1536,1
wdt:P816,1
wdt:P467,1
wdt:P2384,1
wdt:P2614,1
wdt:P1640,1
wdt:P1347,1
wdt:P369,1
wdt:P4101,1
wdt:P1595,1
wdt:P3374,1
wdt:P3356,1
wdt:P4082,1
wdt:P1981,1
wdt:P1479,1
wdt:P1013,1
wdt:P3156,1
wdt:P2389,1
wdt:P925,1
wdt:P78,1
wdt:P547,1
wdt:P200,1
wdt:P559,1
wdt:P1026,1
wdt:P1039,1
wdt:P183,1
wdt:P3216,1
wdt:P556,1
wdt:P248,1
wdt:P3512,1
wdt:P1464,1
wdt:P1596,1
wdt:P1049,1
wdt:P415,1
wdt:P3354,1
wdt:P2502,1
wdt:P923,1
wdt:P405,1
wdt:P1462,1
wdt:P3355,1
wdt:P2318,1
wdt:P1875,1
wdt:P924,1
wdt:P1445,1
wdt:P913,1
wdt:P974,1
wdt:P2152,1
wdt:P4100,1
wdt:P1753,1
wdt:P2358,1
wdt:P469,1
