Schema Element,kind
http://bio2rdf.org/affymetrix_vocabulary:Genechip-Array,type
http://bio2rdf.org/affymetrix_vocabulary:Probeset,type
http://bio2rdf.org/clinicaltrials_vocabulary:Active_Comparator,type
http://bio2rdf.org/clinicaltrials_vocabulary:Address,type
http://bio2rdf.org/clinicaltrials_vocabulary:Analysis,type
http://bio2rdf.org/clinicaltrials_vocabulary:Baseline,type
http://bio2rdf.org/clinicaltrials_vocabulary:Behavioral,type
http://bio2rdf.org/clinicaltrials_vocabulary:Biological,type
http://bio2rdf.org/clinicaltrials_vocabulary:Case,type
http://bio2rdf.org/clinicaltrials_vocabulary:Category,type
http://bio2rdf.org/clinicaltrials_vocabulary:City,type
http://bio2rdf.org/clinicaltrials_vocabulary:Clinical-Arm,type
http://bio2rdf.org/clinicaltrials_vocabulary:Clinical-Result,type
http://bio2rdf.org/clinicaltrials_vocabulary:Clinical-Study,type
http://bio2rdf.org/clinicaltrials_vocabulary:Condition,type
http://bio2rdf.org/clinicaltrials_vocabulary:Contact,type
http://bio2rdf.org/clinicaltrials_vocabulary:Control,type
http://bio2rdf.org/clinicaltrials_vocabulary:Country,type
http://bio2rdf.org/clinicaltrials_vocabulary:Device,type
http://bio2rdf.org/clinicaltrials_vocabulary:Dietary_Supplement,type
http://bio2rdf.org/clinicaltrials_vocabulary:Drug,type
http://bio2rdf.org/clinicaltrials_vocabulary:Eligibility,type
http://bio2rdf.org/clinicaltrials_vocabulary:Event,type
http://bio2rdf.org/clinicaltrials_vocabulary:Event-Count,type
http://bio2rdf.org/clinicaltrials_vocabulary:Experimental,type
http://bio2rdf.org/clinicaltrials_vocabulary:Genetic,type
http://bio2rdf.org/clinicaltrials_vocabulary:Group,type
http://bio2rdf.org/clinicaltrials_vocabulary:Inclusion-Criteria,type
http://bio2rdf.org/clinicaltrials_vocabulary:Link,type
http://bio2rdf.org/clinicaltrials_vocabulary:Location,type
http://bio2rdf.org/clinicaltrials_vocabulary:Measure,type
http://bio2rdf.org/clinicaltrials_vocabulary:Measurement,type
http://bio2rdf.org/clinicaltrials_vocabulary:Milestone,type
http://bio2rdf.org/clinicaltrials_vocabulary:No_Intervention,type
http://bio2rdf.org/clinicaltrials_vocabulary:Organization,type
http://bio2rdf.org/clinicaltrials_vocabulary:Other,type
http://bio2rdf.org/clinicaltrials_vocabulary:Other-Event,type
http://bio2rdf.org/clinicaltrials_vocabulary:Outcome,type
http://bio2rdf.org/clinicaltrials_vocabulary:Participant-Count,type
http://bio2rdf.org/clinicaltrials_vocabulary:Participant-Flow,type
http://bio2rdf.org/clinicaltrials_vocabulary:Period,type
http://bio2rdf.org/clinicaltrials_vocabulary:Phase,type
http://bio2rdf.org/clinicaltrials_vocabulary:Placebo_Comparator,type
http://bio2rdf.org/clinicaltrials_vocabulary:Procedure,type
http://bio2rdf.org/clinicaltrials_vocabulary:Radiation,type
http://bio2rdf.org/clinicaltrials_vocabulary:Reference,type
http://bio2rdf.org/clinicaltrials_vocabulary:Reported-Events,type
http://bio2rdf.org/clinicaltrials_vocabulary:Responsible-Party,type
http://bio2rdf.org/clinicaltrials_vocabulary:Serious-Event,type
http://bio2rdf.org/clinicaltrials_vocabulary:Sham_Comparator,type
http://bio2rdf.org/clinicaltrials_vocabulary:State,type
http://bio2rdf.org/clinicaltrials_vocabulary:Status,type
http://bio2rdf.org/clinicaltrials_vocabulary:Study-Design,type
http://bio2rdf.org/clinicaltrials_vocabulary:Study-Type,type
http://bio2rdf.org/clinicaltrials_vocabulary:Term,type
http://bio2rdf.org/clinicaltrials_vocabulary:Treatment_Comparison,type
http://bio2rdf.org/clinicaltrials_vocabulary:Withdraw-Reason,type
http://bio2rdf.org/clinicaltrials_vocabulary:ZipCode,type
http://bio2rdf.org/clinicaltrials_vocabulary:other-outcome,type
http://bio2rdf.org/clinicaltrials_vocabulary:primary-outcome,type
http://bio2rdf.org/clinicaltrials_vocabulary:secondary-outcome,type
http://bio2rdf.org/ctd_vocabulary:Chemical,type
http://bio2rdf.org/ctd_vocabulary:Chemical-Disease-Association,type
http://bio2rdf.org/ctd_vocabulary:Chemical-Gene-Association,type
http://bio2rdf.org/ctd_vocabulary:Chemical-Pathway-Association,type
http://bio2rdf.org/ctd_vocabulary:Disease,type
http://bio2rdf.org/ctd_vocabulary:Gene,type
http://bio2rdf.org/ctd_vocabulary:Gene-Disease-Association,type
http://bio2rdf.org/ctd_vocabulary:Pathway,type
http://bio2rdf.org/ctd_vocabulary:clv,type
http://bio2rdf.org/ctd_vocabulary:deg,type
http://bio2rdf.org/ctd_vocabulary:gly,type
http://bio2rdf.org/ctd_vocabulary:lip,type
http://bio2rdf.org/ctd_vocabulary:met,type
http://bio2rdf.org/ctd_vocabulary:rib,type
http://bio2rdf.org/ctd_vocabulary:sec,type
http://bio2rdf.org/ctd_vocabulary:trt,type
http://bio2rdf.org/ctd_vocabulary:upt,type
http://bio2rdf.org/drugbank_vocabulary:Absorption,type
http://bio2rdf.org/drugbank_vocabulary:Affected-organism,type
http://bio2rdf.org/drugbank_vocabulary:Bioavailability,type
http://bio2rdf.org/drugbank_vocabulary:Biotech,type
http://bio2rdf.org/drugbank_vocabulary:Boiling-Point,type
http://bio2rdf.org/drugbank_vocabulary:Caco2-Permeability,type
http://bio2rdf.org/drugbank_vocabulary:Calculated-properties,type
http://bio2rdf.org/drugbank_vocabulary:Carrier,type
http://bio2rdf.org/drugbank_vocabulary:Carrier-Relation,type
http://bio2rdf.org/drugbank_vocabulary:Category,type
http://bio2rdf.org/drugbank_vocabulary:Clearance,type
http://bio2rdf.org/drugbank_vocabulary:Country,type
http://bio2rdf.org/drugbank_vocabulary:Dosage,type
http://bio2rdf.org/drugbank_vocabulary:Drug,type
http://bio2rdf.org/drugbank_vocabulary:Drug-Classification-Category,type
http://bio2rdf.org/drugbank_vocabulary:Drug-Drug-Interaction,type
http://bio2rdf.org/drugbank_vocabulary:Enzyme,type
http://bio2rdf.org/drugbank_vocabulary:Enzyme-Relation,type
http://bio2rdf.org/drugbank_vocabulary:Experimental-properties,type
http://bio2rdf.org/drugbank_vocabulary:Food-interaction,type
http://bio2rdf.org/drugbank_vocabulary:Form,type
http://bio2rdf.org/drugbank_vocabulary:Ghose-Filter,type
http://bio2rdf.org/drugbank_vocabulary:Group,type
http://bio2rdf.org/drugbank_vocabulary:H-Bond-Acceptor-Count,type
http://bio2rdf.org/drugbank_vocabulary:H-Bond-Donor-Count,type
http://bio2rdf.org/drugbank_vocabulary:Half-life,type
http://bio2rdf.org/drugbank_vocabulary:Hydrophobicity,type
http://bio2rdf.org/drugbank_vocabulary:IUPAC-Name,type
http://bio2rdf.org/drugbank_vocabulary:InChI,type
http://bio2rdf.org/drugbank_vocabulary:InChIKey,type
http://bio2rdf.org/drugbank_vocabulary:Indication,type
http://bio2rdf.org/drugbank_vocabulary:Ingredient,type
http://bio2rdf.org/drugbank_vocabulary:International-brand,type
http://bio2rdf.org/drugbank_vocabulary:Isoelectric-Point,type
http://bio2rdf.org/drugbank_vocabulary:LogP,type
http://bio2rdf.org/drugbank_vocabulary:LogS,type
http://bio2rdf.org/drugbank_vocabulary:MDDR-Like-Rule,type
http://bio2rdf.org/drugbank_vocabulary:Manufacturer,type
http://bio2rdf.org/drugbank_vocabulary:Mechanism-of-action,type
http://bio2rdf.org/drugbank_vocabulary:Melting-Point,type
http://bio2rdf.org/drugbank_vocabulary:Mixture,type
http://bio2rdf.org/drugbank_vocabulary:Molecular-Formula,type
http://bio2rdf.org/drugbank_vocabulary:Molecular-Weight,type
http://bio2rdf.org/drugbank_vocabulary:Monoisotopic-Weight,type
http://bio2rdf.org/drugbank_vocabulary:Name,type
http://bio2rdf.org/drugbank_vocabulary:Number-of-Rings,type
http://bio2rdf.org/drugbank_vocabulary:PKa,type
http://bio2rdf.org/drugbank_vocabulary:PKa-(strongest-acidic),type
http://bio2rdf.org/drugbank_vocabulary:PKa-(strongest-basic),type
http://bio2rdf.org/drugbank_vocabulary:Patent,type
http://bio2rdf.org/drugbank_vocabulary:Pharmaceutical,type
http://bio2rdf.org/drugbank_vocabulary:Pharmacodynamics,type
http://bio2rdf.org/drugbank_vocabulary:Physiological-Charge,type
http://bio2rdf.org/drugbank_vocabulary:Polar-Surface-Area-(PSA),type
http://bio2rdf.org/drugbank_vocabulary:Polarizability,type
http://bio2rdf.org/drugbank_vocabulary:Protein-binding,type
http://bio2rdf.org/drugbank_vocabulary:Refractivity,type
http://bio2rdf.org/drugbank_vocabulary:Rotatable-Bond-Count,type
http://bio2rdf.org/drugbank_vocabulary:Route,type
http://bio2rdf.org/drugbank_vocabulary:Route-of-elimination,type
http://bio2rdf.org/drugbank_vocabulary:Rule-of-Five,type
http://bio2rdf.org/drugbank_vocabulary:SMILES,type
http://bio2rdf.org/drugbank_vocabulary:Salt,type
http://bio2rdf.org/drugbank_vocabulary:Small-molecule,type
http://bio2rdf.org/drugbank_vocabulary:Source,type
http://bio2rdf.org/drugbank_vocabulary:Synonym,type
http://bio2rdf.org/drugbank_vocabulary:Target,type
http://bio2rdf.org/drugbank_vocabulary:Target-Relation,type
http://bio2rdf.org/drugbank_vocabulary:Toxicity,type
http://bio2rdf.org/drugbank_vocabulary:Traditional-IUPAC-Name,type
http://bio2rdf.org/drugbank_vocabulary:Transporter,type
http://bio2rdf.org/drugbank_vocabulary:Transporter-Relation,type
http://bio2rdf.org/drugbank_vocabulary:Unit,type
http://bio2rdf.org/drugbank_vocabulary:Volume-of-distribution,type
http://bio2rdf.org/drugbank_vocabulary:Water-Solubility,type
http://bio2rdf.org/goa_vocabulary:GO-Annotation,type
http://bio2rdf.org/hgnc_vocabulary:Approved-Gene-Symbol,type
http://bio2rdf.org/hgnc_vocabulary:Gene-Symbol,type
http://bio2rdf.org/hgnc_vocabulary:Previous-Symbol,type
http://bio2rdf.org/hgnc_vocabulary:Status,type
http://bio2rdf.org/homologene_vocabulary:Homologene-Group,type
http://bio2rdf.org/irefindex_vocabulary:Expansion-Method,type
http://bio2rdf.org/irefindex_vocabulary:Homopolymeric-Complex,type
http://bio2rdf.org/irefindex_vocabulary:Multimeric-Complex,type
http://bio2rdf.org/irefindex_vocabulary:Pairwise-Interaction,type
http://bio2rdf.org/irefindex_vocabulary:Taxon-Sequence-Canonical-Interaction,type
http://bio2rdf.org/irefindex_vocabulary:Taxon-Sequence-Identical-Group,type
http://bio2rdf.org/irefindex_vocabulary:Taxon-Sequence-Identical-Interaction,type
http://bio2rdf.org/irefindex_vocabulary:Taxon-Sequence-Similar-Group,type
http://bio2rdf.org/kegg_vocabulary:Compound,type
http://bio2rdf.org/kegg_vocabulary:Disease,type
http://bio2rdf.org/kegg_vocabulary:Drug,type
http://bio2rdf.org/kegg_vocabulary:Environ,type
http://bio2rdf.org/kegg_vocabulary:Enzyme,type
http://bio2rdf.org/kegg_vocabulary:Gene,type
http://bio2rdf.org/kegg_vocabulary:Genome,type
http://bio2rdf.org/kegg_vocabulary:Glycan,type
http://bio2rdf.org/kegg_vocabulary:Interaction,type
http://bio2rdf.org/kegg_vocabulary:Irreversible-Reaction,type
http://bio2rdf.org/kegg_vocabulary:Ko,type
http://bio2rdf.org/kegg_vocabulary:Metabolism,type
http://bio2rdf.org/kegg_vocabulary:Module,type
http://bio2rdf.org/kegg_vocabulary:Ortholog-Group,type
http://bio2rdf.org/kegg_vocabulary:Pathway,type
http://bio2rdf.org/kegg_vocabulary:Pathway-Relation,type
http://bio2rdf.org/kegg_vocabulary:RPair-Role,type
http://bio2rdf.org/kegg_vocabulary:Rclass,type
http://bio2rdf.org/kegg_vocabulary:Reaction,type
http://bio2rdf.org/kegg_vocabulary:Reference,type
http://bio2rdf.org/kegg_vocabulary:Reversible-Reaction,type
http://bio2rdf.org/kegg_vocabulary:Rpair,type
http://bio2rdf.org/kegg_vocabulary:Target,type
http://bio2rdf.org/lsr_vocabulary:Dataset,type
http://bio2rdf.org/mesh_vocabulary:Descriptor,type
http://bio2rdf.org/mesh_vocabulary:Pharmacological-Action,type
http://bio2rdf.org/mesh_vocabulary:Qualifier-Descriptor,type
http://bio2rdf.org/mesh_vocabulary:Semantic-Type,type
http://bio2rdf.org/mesh_vocabulary:Supplementary-Descriptor,type
http://bio2rdf.org/mesh_vocabulary:Tree-Entry,type
http://bio2rdf.org/mesh_vocabulary:allowable-topical-qualifier,type
http://bio2rdf.org/mgi_vocabulary:Allele,type
http://bio2rdf.org/mgi_vocabulary:Allele-Disease-Association,type
http://bio2rdf.org/mgi_vocabulary:Allele-Disease-Non-Association,type
http://bio2rdf.org/mgi_vocabulary:BAC/YAC-end,type
http://bio2rdf.org/mgi_vocabulary:Complex/Cluster/Region,type
http://bio2rdf.org/mgi_vocabulary:Cytogenetic-Marker,type
http://bio2rdf.org/mgi_vocabulary:DNA-Segment,type
http://bio2rdf.org/mgi_vocabulary:Gene,type
http://bio2rdf.org/mgi_vocabulary:Genotype,type
http://bio2rdf.org/mgi_vocabulary:Marker,type
http://bio2rdf.org/mgi_vocabulary:Other-Genome-Feature,type
http://bio2rdf.org/mgi_vocabulary:Pseudogene,type
http://bio2rdf.org/mgi_vocabulary:Strain,type
http://bio2rdf.org/mgi_vocabulary:Transgene,type
http://bio2rdf.org/ncbigene_vocabulary:Gene,type
http://bio2rdf.org/ncbigene_vocabulary:Gene-component-Association,type
http://bio2rdf.org/ncbigene_vocabulary:Gene-function-Association,type
http://bio2rdf.org/ncbigene_vocabulary:Gene-process-Association,type
http://bio2rdf.org/ncbigene_vocabulary:MiscRNA-Gene,type
http://bio2rdf.org/ncbigene_vocabulary:NcRNA-Gene,type
http://bio2rdf.org/ncbigene_vocabulary:Other-Gene,type
http://bio2rdf.org/ncbigene_vocabulary:Protein-coding-Gene,type
http://bio2rdf.org/ncbigene_vocabulary:Pseudo-Gene,type
http://bio2rdf.org/ncbigene_vocabulary:RRNA-Gene,type
http://bio2rdf.org/ncbigene_vocabulary:ScRNA-Gene,type
http://bio2rdf.org/ncbigene_vocabulary:SnRNA-Gene,type
http://bio2rdf.org/ncbigene_vocabulary:SnoRNA-Gene,type
http://bio2rdf.org/ncbigene_vocabulary:TRNA-Gene,type
http://bio2rdf.org/ncbigene_vocabulary:Unknown-Gene,type
http://bio2rdf.org/ndc_vocabulary:Dosage-Form,type
http://bio2rdf.org/ndc_vocabulary:Ingredient,type
http://bio2rdf.org/ndc_vocabulary:Labeller,type
http://bio2rdf.org/ndc_vocabulary:Package,type
http://bio2rdf.org/ndc_vocabulary:Package-Component,type
http://bio2rdf.org/ndc_vocabulary:Pharmacological-Class,type
http://bio2rdf.org/ndc_vocabulary:Product,type
http://bio2rdf.org/ndc_vocabulary:Product-Type,type
http://bio2rdf.org/ndc_vocabulary:Route,type
http://bio2rdf.org/ndc_vocabulary:Substance,type
http://bio2rdf.org/ndc_vocabulary:Unit,type
http://bio2rdf.org/obo_vocabulary:Entity,type
http://bio2rdf.org/omim_vocabulary:Allelic-Variant,type
http://bio2rdf.org/omim_vocabulary:Characteristic,type
http://bio2rdf.org/omim_vocabulary:Clinical-Synopsis,type
http://bio2rdf.org/omim_vocabulary:Entity,type
http://bio2rdf.org/omim_vocabulary:Gene,type
http://bio2rdf.org/omim_vocabulary:Gene-phenotype,type
http://bio2rdf.org/omim_vocabulary:Phenotype,type
http://bio2rdf.org/omim_vocabulary:Phenotype-Map,type
http://bio2rdf.org/omim_vocabulary:Predominantly-phenotypes,type
http://bio2rdf.org/pharmgkb_vocabulary:Disease,type
http://bio2rdf.org/pharmgkb_vocabulary:Drug,type
http://bio2rdf.org/pharmgkb_vocabulary:Gene,type
http://bio2rdf.org/pharmgkb_vocabulary:Variation,type
http://bio2rdf.org/pharmgkb_vocabulary:disease-disease-Association,type
http://bio2rdf.org/pharmgkb_vocabulary:disease-gene-Association,type
http://bio2rdf.org/pharmgkb_vocabulary:disease-haplotype-Association,type
http://bio2rdf.org/pharmgkb_vocabulary:disease-variantlocation-Association,type
http://bio2rdf.org/pharmgkb_vocabulary:drug-drug-Association,type
http://bio2rdf.org/pharmgkb_vocabulary:drug-gene-Association,type
http://bio2rdf.org/pharmgkb_vocabulary:drug-haplotype-Association,type
http://bio2rdf.org/pharmgkb_vocabulary:drug-variantlocation-Association,type
http://bio2rdf.org/pharmgkb_vocabulary:gene-disease-Association,type
http://bio2rdf.org/pharmgkb_vocabulary:gene-drug-Association,type
http://bio2rdf.org/pharmgkb_vocabulary:gene-gene-Association,type
http://bio2rdf.org/pharmgkb_vocabulary:haplotype-disease-Association,type
http://bio2rdf.org/pharmgkb_vocabulary:haplotype-drug-Association,type
http://bio2rdf.org/pharmgkb_vocabulary:variantlocation-disease-Association,type
http://bio2rdf.org/pharmgkb_vocabulary:variantlocation-drug-Association,type
http://bio2rdf.org/sgd_vocabulary:AlanineCount,type
http://bio2rdf.org/sgd_vocabulary:ArginineCount,type
http://bio2rdf.org/sgd_vocabulary:AromaticityScore,type
http://bio2rdf.org/sgd_vocabulary:AsparagineCount,type
http://bio2rdf.org/sgd_vocabulary:AspartateCount,type
http://bio2rdf.org/sgd_vocabulary:Chromosome,type
http://bio2rdf.org/sgd_vocabulary:CodonAdaptationIndex,type
http://bio2rdf.org/sgd_vocabulary:CodonBias,type
http://bio2rdf.org/sgd_vocabulary:Complex,type
http://bio2rdf.org/sgd_vocabulary:CrickStrand,type
http://bio2rdf.org/sgd_vocabulary:CysteinCount,type
http://bio2rdf.org/sgd_vocabulary:Domain-Alignment,type
http://bio2rdf.org/sgd_vocabulary:Enzyme,type
http://bio2rdf.org/sgd_vocabulary:FrequencyOfOptimalCodons,type
http://bio2rdf.org/sgd_vocabulary:GRAVYScore,type
http://bio2rdf.org/sgd_vocabulary:GlutamateCount,type
http://bio2rdf.org/sgd_vocabulary:GlutamineCount,type
http://bio2rdf.org/sgd_vocabulary:GlycineCount,type
http://bio2rdf.org/sgd_vocabulary:HistineCount,type
http://bio2rdf.org/sgd_vocabulary:IsolectricPoint,type
http://bio2rdf.org/sgd_vocabulary:IsoleucineCount,type
http://bio2rdf.org/sgd_vocabulary:LeucineCount,type
http://bio2rdf.org/sgd_vocabulary:Location,type
http://bio2rdf.org/sgd_vocabulary:LysineCount,type
http://bio2rdf.org/sgd_vocabulary:MethionineCount,type
http://bio2rdf.org/sgd_vocabulary:MolecularWeight,type
http://bio2rdf.org/sgd_vocabulary:Pathway,type
http://bio2rdf.org/sgd_vocabulary:Phenotype_Experiment,type
http://bio2rdf.org/sgd_vocabulary:PhenylalanineCount,type
http://bio2rdf.org/sgd_vocabulary:ProlineCount,type
http://bio2rdf.org/sgd_vocabulary:Protein,type
http://bio2rdf.org/sgd_vocabulary:RNA,type
http://bio2rdf.org/sgd_vocabulary:Reaction,type
http://bio2rdf.org/sgd_vocabulary:Record,type
http://bio2rdf.org/sgd_vocabulary:SequenceLength,type
http://bio2rdf.org/sgd_vocabulary:SerineCount,type
http://bio2rdf.org/sgd_vocabulary:SuperPathway,type
http://bio2rdf.org/sgd_vocabulary:ThreonineCount,type
http://bio2rdf.org/sgd_vocabulary:TryptophanCount,type
http://bio2rdf.org/sgd_vocabulary:TyrosineCount,type
http://bio2rdf.org/sgd_vocabulary:ValineCount,type
http://bio2rdf.org/sider_vocabulary:Drug-Indication-Association,type
http://bio2rdf.org/sider_vocabulary:Side-Effect,type
http://bio2rdf.org/taxonomy_vocabulary:Division,type
http://bio2rdf.org/taxonomy_vocabulary:Embl-code,type
http://bio2rdf.org/taxonomy_vocabulary:Genetic-Code,type
http://bio2rdf.org/taxonomy_vocabulary:Rank,type
http://bio2rdf.org/wormbase_vocabulary:Asynthetic-Genetic-Interaction,type
http://bio2rdf.org/wormbase_vocabulary:Change_of_expression_level-Regulatory-Interaction,type
http://bio2rdf.org/wormbase_vocabulary:Change_of_localization-Regulatory-Interaction,type
http://bio2rdf.org/wormbase_vocabulary:Complete_mutual_suppression-Genetic-Interaction,type
http://bio2rdf.org/wormbase_vocabulary:Complete_suppression-Genetic-Interaction,type
http://bio2rdf.org/wormbase_vocabulary:Complete_unilateral_suppression-Genetic-Interaction,type
http://bio2rdf.org/wormbase_vocabulary:Cosmid,type
http://bio2rdf.org/wormbase_vocabulary:Enhancement-Genetic-Interaction,type
http://bio2rdf.org/wormbase_vocabulary:Epistasis-Genetic-Interaction,type
http://bio2rdf.org/wormbase_vocabulary:Gene,type
http://bio2rdf.org/wormbase_vocabulary:Gene-GO-Association,type
http://bio2rdf.org/wormbase_vocabulary:Gene-Phenotype-Association,type
http://bio2rdf.org/wormbase_vocabulary:Gene-Variant,type
http://bio2rdf.org/wormbase_vocabulary:Genetic-Interaction,type
http://bio2rdf.org/wormbase_vocabulary:Maximal_epistasis-Genetic-Interaction,type
http://bio2rdf.org/wormbase_vocabulary:Minimal_epistasis-Genetic-Interaction,type
http://bio2rdf.org/wormbase_vocabulary:Mutual_enhancement-Genetic-Interaction,type
http://bio2rdf.org/wormbase_vocabulary:Mutual_suppression-Genetic-Interaction,type
http://bio2rdf.org/wormbase_vocabulary:Negative-Gene-Phenotype-Association,type
http://bio2rdf.org/wormbase_vocabulary:Negative_genetic-Genetic-Interaction,type
http://bio2rdf.org/wormbase_vocabulary:Opposing_epistasis-Genetic-Interaction,type
http://bio2rdf.org/wormbase_vocabulary:Oversuppression-Genetic-Interaction,type
http://bio2rdf.org/wormbase_vocabulary:Oversuppression_enhancement-Genetic-Interaction,type
http://bio2rdf.org/wormbase_vocabulary:Partial_suppression-Genetic-Interaction,type
http://bio2rdf.org/wormbase_vocabulary:Partial_unilateral_suppression-Genetic-Interaction,type
http://bio2rdf.org/wormbase_vocabulary:Phenotype_bias-Genetic-Interaction,type
http://bio2rdf.org/wormbase_vocabulary:Physical-Interaction,type
http://bio2rdf.org/wormbase_vocabulary:Positive_genetic-Genetic-Interaction,type
http://bio2rdf.org/wormbase_vocabulary:Publication,type
http://bio2rdf.org/wormbase_vocabulary:RNAi,type
http://bio2rdf.org/wormbase_vocabulary:RNAi-Knockdown-Experiment,type
http://bio2rdf.org/wormbase_vocabulary:Regulatory-Interaction,type
http://bio2rdf.org/wormbase_vocabulary:Suppression-Genetic-Interaction,type
http://bio2rdf.org/wormbase_vocabulary:Synthetic-Genetic-Interaction,type
http://bio2rdf.org/wormbase_vocabulary:Unilateral_enhancement-Genetic-Interaction,type
http://bio2rdf.org/wormbase_vocabulary:Unilateral_suppression-Genetic-Interaction,type
http://bio2rdf.org/affymetrix_vocabulary:genechip-array,predicate
http://bio2rdf.org/clinicaltrials_vocabulary:address,predicate
http://bio2rdf.org/clinicaltrials_vocabulary:affiliation,predicate
http://bio2rdf.org/clinicaltrials_vocabulary:analysis,predicate
http://bio2rdf.org/clinicaltrials_vocabulary:arm-group,predicate
http://bio2rdf.org/clinicaltrials_vocabulary:authority,predicate
http://bio2rdf.org/clinicaltrials_vocabulary:baseline,predicate
http://bio2rdf.org/clinicaltrials_vocabulary:category,predicate
http://bio2rdf.org/clinicaltrials_vocabulary:clinical-result,predicate
http://bio2rdf.org/clinicaltrials_vocabulary:clinicaltrials_vocabulary:other-outcome,predicate
http://bio2rdf.org/clinicaltrials_vocabulary:clinicaltrials_vocabulary:primary-outcome,predicate
http://bio2rdf.org/clinicaltrials_vocabulary:clinicaltrials_vocabulary:secondary-outcome,predicate
http://bio2rdf.org/clinicaltrials_vocabulary:collaborator,predicate
http://bio2rdf.org/clinicaltrials_vocabulary:condition,predicate
http://bio2rdf.org/clinicaltrials_vocabulary:condition-browse,predicate
http://bio2rdf.org/clinicaltrials_vocabulary:condition-mesh,predicate
http://bio2rdf.org/clinicaltrials_vocabulary:contact,predicate
http://bio2rdf.org/clinicaltrials_vocabulary:contact-backup,predicate
http://bio2rdf.org/clinicaltrials_vocabulary:count,predicate
http://bio2rdf.org/clinicaltrials_vocabulary:country,predicate
http://bio2rdf.org/clinicaltrials_vocabulary:eligibility,predicate
http://bio2rdf.org/clinicaltrials_vocabulary:exclusion-criteria,predicate
http://bio2rdf.org/clinicaltrials_vocabulary:group,predicate
http://bio2rdf.org/clinicaltrials_vocabulary:group-id,predicate
http://bio2rdf.org/clinicaltrials_vocabulary:inclusion-criteria,predicate
http://bio2rdf.org/clinicaltrials_vocabulary:intervention,predicate
http://bio2rdf.org/clinicaltrials_vocabulary:intervention-browse,predicate
http://bio2rdf.org/clinicaltrials_vocabulary:investigator,predicate
http://bio2rdf.org/clinicaltrials_vocabulary:lead-sponsor,predicate
http://bio2rdf.org/clinicaltrials_vocabulary:link,predicate
http://bio2rdf.org/clinicaltrials_vocabulary:location,predicate
http://bio2rdf.org/clinicaltrials_vocabulary:measure,predicate
http://bio2rdf.org/clinicaltrials_vocabulary:measurement,predicate
http://bio2rdf.org/clinicaltrials_vocabulary:milestone,predicate
http://bio2rdf.org/clinicaltrials_vocabulary:organization,predicate
http://bio2rdf.org/clinicaltrials_vocabulary:other-events,predicate
http://bio2rdf.org/clinicaltrials_vocabulary:outcome,predicate
http://bio2rdf.org/clinicaltrials_vocabulary:overall-contact,predicate
http://bio2rdf.org/clinicaltrials_vocabulary:overall-contact-backup,predicate
http://bio2rdf.org/clinicaltrials_vocabulary:overall-official,predicate
http://bio2rdf.org/clinicaltrials_vocabulary:overall-status,predicate
http://bio2rdf.org/clinicaltrials_vocabulary:oversight,predicate
http://bio2rdf.org/clinicaltrials_vocabulary:participant-counts,predicate
http://bio2rdf.org/clinicaltrials_vocabulary:participant-flow,predicate
http://bio2rdf.org/clinicaltrials_vocabulary:period,predicate
http://bio2rdf.org/clinicaltrials_vocabulary:phase,predicate
http://bio2rdf.org/clinicaltrials_vocabulary:reference,predicate
http://bio2rdf.org/clinicaltrials_vocabulary:reported-events,predicate
http://bio2rdf.org/clinicaltrials_vocabulary:responsible-party,predicate
http://bio2rdf.org/clinicaltrials_vocabulary:serious-events,predicate
http://bio2rdf.org/clinicaltrials_vocabulary:source,predicate
http://bio2rdf.org/clinicaltrials_vocabulary:study-design,predicate
http://bio2rdf.org/clinicaltrials_vocabulary:study-type,predicate
http://bio2rdf.org/clinicaltrials_vocabulary:sub-title,predicate
http://bio2rdf.org/ctd_vocabulary:chemical,predicate
http://bio2rdf.org/ctd_vocabulary:disease,predicate
http://bio2rdf.org/ctd_vocabulary:gene,predicate
http://bio2rdf.org/ctd_vocabulary:pathway,predicate
http://bio2rdf.org/drugbank_vocabulary:absorption,predicate
http://bio2rdf.org/drugbank_vocabulary:affected-organism,predicate
http://bio2rdf.org/drugbank_vocabulary:brand,predicate
http://bio2rdf.org/drugbank_vocabulary:calculated-properties,predicate
http://bio2rdf.org/drugbank_vocabulary:carrier,predicate
http://bio2rdf.org/drugbank_vocabulary:category,predicate
http://bio2rdf.org/drugbank_vocabulary:clearance,predicate
http://bio2rdf.org/drugbank_vocabulary:country,predicate
http://bio2rdf.org/drugbank_vocabulary:ddi-interactor-in,predicate
http://bio2rdf.org/drugbank_vocabulary:dosage,predicate
http://bio2rdf.org/drugbank_vocabulary:drug,predicate
http://bio2rdf.org/drugbank_vocabulary:drug-classification-category,predicate
http://bio2rdf.org/drugbank_vocabulary:enzyme,predicate
http://bio2rdf.org/drugbank_vocabulary:experimental-properties,predicate
http://bio2rdf.org/drugbank_vocabulary:food-interaction,predicate
http://bio2rdf.org/drugbank_vocabulary:form,predicate
http://bio2rdf.org/drugbank_vocabulary:group,predicate
http://bio2rdf.org/drugbank_vocabulary:half-life,predicate
http://bio2rdf.org/drugbank_vocabulary:indication,predicate
http://bio2rdf.org/drugbank_vocabulary:ingredient,predicate
http://bio2rdf.org/drugbank_vocabulary:manufacturer,predicate
http://bio2rdf.org/drugbank_vocabulary:mechanism-of-action,predicate
http://bio2rdf.org/drugbank_vocabulary:mixture,predicate
http://bio2rdf.org/drugbank_vocabulary:patent,predicate
http://bio2rdf.org/drugbank_vocabulary:pharmacodynamics,predicate
http://bio2rdf.org/drugbank_vocabulary:product,predicate
http://bio2rdf.org/drugbank_vocabulary:protein-binding,predicate
http://bio2rdf.org/drugbank_vocabulary:route,predicate
http://bio2rdf.org/drugbank_vocabulary:route-of-elimination,predicate
http://bio2rdf.org/drugbank_vocabulary:salt,predicate
http://bio2rdf.org/drugbank_vocabulary:source,predicate
http://bio2rdf.org/drugbank_vocabulary:synonym,predicate
http://bio2rdf.org/drugbank_vocabulary:target,predicate
http://bio2rdf.org/drugbank_vocabulary:toxicity,predicate
http://bio2rdf.org/drugbank_vocabulary:transporter,predicate
http://bio2rdf.org/drugbank_vocabulary:volume-of-distribution,predicate
http://bio2rdf.org/goa_vocabulary:go-annotation,predicate
http://bio2rdf.org/goa_vocabulary:target,predicate
http://bio2rdf.org/hgnc_vocabulary:has-approved-symbol,predicate
http://bio2rdf.org/hgnc_vocabulary:is-approved-symbol-of,predicate
http://bio2rdf.org/hgnc_vocabulary:previous-symbol,predicate
http://bio2rdf.org/hgnc_vocabulary:status,predicate
http://bio2rdf.org/irefindex_vocabulary:article,predicate
http://bio2rdf.org/irefindex_vocabulary:canonical-group,predicate
http://bio2rdf.org/irefindex_vocabulary:expansion-method,predicate
http://bio2rdf.org/irefindex_vocabulary:interactor-a,predicate
http://bio2rdf.org/irefindex_vocabulary:interactor-a-canonical-group,predicate
http://bio2rdf.org/irefindex_vocabulary:interactor-b,predicate
http://bio2rdf.org/irefindex_vocabulary:interactor-b-canonical-group,predicate
http://bio2rdf.org/irefindex_vocabulary:interactor_a,predicate
http://bio2rdf.org/irefindex_vocabulary:interactor_b,predicate
http://bio2rdf.org/irefindex_vocabulary:taxon-sequence-identical-interaction,predicate
http://bio2rdf.org/irefindex_vocabulary:taxon-sequence-similar-interaction,predicate
http://bio2rdf.org/kegg_vocabulary:component,predicate
http://bio2rdf.org/kegg_vocabulary:compound,predicate
http://bio2rdf.org/kegg_vocabulary:disease,predicate
http://bio2rdf.org/kegg_vocabulary:drug,predicate
http://bio2rdf.org/kegg_vocabulary:drug-target,predicate
http://bio2rdf.org/kegg_vocabulary:enzyme,predicate
http://bio2rdf.org/kegg_vocabulary:gene,predicate
http://bio2rdf.org/kegg_vocabulary:interaction,predicate
http://bio2rdf.org/kegg_vocabulary:ko-gene,predicate
http://bio2rdf.org/kegg_vocabulary:ko-marker,predicate
http://bio2rdf.org/kegg_vocabulary:ko_pathway,predicate
http://bio2rdf.org/kegg_vocabulary:link,predicate
http://bio2rdf.org/kegg_vocabulary:member,predicate
http://bio2rdf.org/kegg_vocabulary:metabolism,predicate
http://bio2rdf.org/kegg_vocabulary:module,predicate
http://bio2rdf.org/kegg_vocabulary:orthology,predicate
http://bio2rdf.org/kegg_vocabulary:pathway,predicate
http://bio2rdf.org/kegg_vocabulary:pathway_map,predicate
http://bio2rdf.org/kegg_vocabulary:product,predicate
http://bio2rdf.org/kegg_vocabulary:reaction,predicate
http://bio2rdf.org/kegg_vocabulary:reaction-center,predicate
http://bio2rdf.org/kegg_vocabulary:reference,predicate
http://bio2rdf.org/kegg_vocabulary:relatedpair,predicate
http://bio2rdf.org/kegg_vocabulary:rpair,predicate
http://bio2rdf.org/kegg_vocabulary:rpair-role,predicate
http://bio2rdf.org/kegg_vocabulary:same-as,predicate
http://bio2rdf.org/kegg_vocabulary:source,predicate
http://bio2rdf.org/kegg_vocabulary:str_map,predicate
http://bio2rdf.org/kegg_vocabulary:substrate,predicate
http://bio2rdf.org/kegg_vocabulary:target,predicate
http://bio2rdf.org/kegg_vocabulary:x-kegg,predicate
http://bio2rdf.org/mesh_vocabulary:allowable-topical-qualifiers,predicate
http://bio2rdf.org/mesh_vocabulary:mesh-tree-number,predicate
http://bio2rdf.org/mesh_vocabulary:pharmacological-action,predicate
http://bio2rdf.org/mesh_vocabulary:semantic-type,predicate
http://bio2rdf.org/mgi_vocabulary:allele,predicate
http://bio2rdf.org/mgi_vocabulary:marker,predicate
http://bio2rdf.org/ncbigene_vocabulary:gene,predicate
http://bio2rdf.org/ncbigene_vocabulary:gene-component-association,predicate
http://bio2rdf.org/ncbigene_vocabulary:gene-function-association,predicate
http://bio2rdf.org/ncbigene_vocabulary:gene-process-association,predicate
http://bio2rdf.org/ndc_vocabulary:amount_unit,predicate
http://bio2rdf.org/ndc_vocabulary:dosage-form,predicate
http://bio2rdf.org/ndc_vocabulary:has-package,predicate
http://bio2rdf.org/ndc_vocabulary:has-part,predicate
http://bio2rdf.org/ndc_vocabulary:ingredient,predicate
http://bio2rdf.org/ndc_vocabulary:labeller,predicate
http://bio2rdf.org/ndc_vocabulary:pharmacological-class,predicate
http://bio2rdf.org/ndc_vocabulary:product-type,predicate
http://bio2rdf.org/ndc_vocabulary:route,predicate
http://bio2rdf.org/omim_vocabulary:characteristic-of,predicate
http://bio2rdf.org/omim_vocabulary:clinical-synopsis,predicate
http://bio2rdf.org/omim_vocabulary:feature,predicate
http://bio2rdf.org/omim_vocabulary:mimNumber,predicate
http://bio2rdf.org/omim_vocabulary:phenotype-map,predicate
http://bio2rdf.org/omim_vocabulary:phenotypeMimNumber,predicate
http://bio2rdf.org/omim_vocabulary:refers-to,predicate
http://bio2rdf.org/omim_vocabulary:variant,predicate
http://bio2rdf.org/omim_vocabulary:x-omim,predicate
http://bio2rdf.org/pharmgkb_vocabulary:disease,predicate
http://bio2rdf.org/pharmgkb_vocabulary:drug,predicate
http://bio2rdf.org/pharmgkb_vocabulary:gene,predicate
http://bio2rdf.org/pharmgkb_vocabulary:variantlocation,predicate
http://bio2rdf.org/sgd_vocabulary:chromosome,predicate
http://bio2rdf.org/sgd_vocabulary:has-participant,predicate
http://bio2rdf.org/sgd_vocabulary:has-proper-part,predicate
http://bio2rdf.org/sgd_vocabulary:is-proper-part-of,predicate
http://bio2rdf.org/sgd_vocabulary:query,predicate
http://bio2rdf.org/sgd_vocabulary:strand,predicate
http://bio2rdf.org/wormbase_vocabulary:associated-gene-variant,predicate
http://bio2rdf.org/wormbase_vocabulary:associated-rnai-knockdown-experiment,predicate
http://bio2rdf.org/wormbase_vocabulary:cosmid,predicate
http://bio2rdf.org/wormbase_vocabulary:gene,predicate
http://bio2rdf.org/wormbase_vocabulary:genetically-interacts-with,predicate
http://bio2rdf.org/wormbase_vocabulary:involves,predicate
http://bio2rdf.org/wormbase_vocabulary:physically-interacts-with,predicate
http://bio2rdf.org/wormbase_vocabulary:publication,predicate
http://bio2rdf.org/wormbase_vocabulary:regulates,predicate
http://bio2rdf.org/wormbase_vocabulary:rnai,predicate
http://bio2rdf.org/wormbase_vocabulary:target-gene,predicate
http://www.w3.org/1999/02/22-rdf-syntax-ns#type,predicate
http://www.w3.org/2000/01/rdf-schema#subClassOf,predicate
http://www.w3.org/2002/07/owl#sameAs,predicate
http://www.w3.org/2002/07/owl#sourceIndividual,predicate
