pred,triples
P31,29307431
P17,7688715
P577,5404813
P1476,5395647
P1433,5202937
P2093,4886039
P625,4843508
P478,4827504
P304,4812071
P698,4780554
P131,4309264
P433,4170353
P356,4065546
P21,3384052
P1566,2883988
P569,2750949
P932,2559374
P106,2370863
P735,2366721
P225,2253000
P171,2252831
P105,2252153
P27,2208693
P18,1986325
P846,1815758
P373,1697958
P19,1659987
P2044,1485947
P570,1399230
P421,1397592
P830,1373973
P279,1343238
P703,1256532
P646,1254300
P1435,1190456
P214,1048866
P364,1047592
P1448,801976
P571,759859
P442,742312
P351,738555
P641,714713
P856,706172
P495,697951
P276,685257
P281,639756
P20,605481
P1412,549822
P644,545171
P645,545170
P2548,539616
P345,509547
P352,508033
P702,507934
P688,504091
P637,502661
P227,499636
P815,491098
P136,484218
P301,483945
P2393,482113
P361,473249
P910,467594
P527,460986
P50,449742
P244,434296
P69,428872
P685,408387
P213,403922
P1216,395044
P969,392933
P734,370811
P268,368996
P960,367000
P1070,345761
P269,337699
P961,333164
P2860,330823
P921,329012
P155,328671
P156,321468
P407,311670
P39,306860
P166,306047
P850,296401
P195,290821
P170,286825
P54,283549
P971,280322
P217,273358
P1082,268186
P680,267072
P682,263721
P2888,260468
P186,259747
P3181,245975
P1559,238994
P639,237173
P413,234813
P2067,234565
P3064,233591
P973,227619
P175,225896
P102,223587
P681,202381
P3151,198787
P57,193724
P2048,189473
P360,185281
P2163,185234
P3880,183223
P2603,177690
P2046,176792
P764,174924
P3879,173747
P3878,172209
P3417,165322
P264,164881
P721,161130
P1814,158841
P937,154412
P1006,153769
P1260,153133
P233,151834
P235,151682
P161,151643
P274,151504
P481,150282
P234,149007
P463,148655
P159,146844
P108,146827
P1344,146668
P662,145345
P1889,141139
P1343,137960
P1057,134791
P434,133690
P242,133367
P462,129805
P3430,128239
P3591,126003
P3186,124980
P1843,124538
P661,122785
P594,122710
P704,122632
P3143,120001
P2529,118470
P3138,117445
P1895,117337
P585,112980
P2049,110306
P22,108601
P138,103175
P705,101515
P1705,101231
P47,100615
P593,100062
P607,99273
P1447,98792
P127,97509
P2604,96385
P935,93908
P648,93864
P473,93603
P590,93153
P716,92145
P436,91342
P58,91236
P196,91024
P86,90548
P2588,90426
P2002,89333
P349,87394
P94,87234
P40,84442
P2017,84263
P2043,84059
P627,83865
P141,83864
P683,83059
P3240,82615
P1562,81817
P1421,81788
P684,81326
P2752,80398
P962,79670
P1939,78776
P162,77161
P2186,76845
P2427,76745
P1391,76249
P727,75804
P119,75306
P842,75254
P26,73635
P150,73535
P231,71672
P1970,71228
P137,70926
P123,70819
P36,69888
P3373,69585
P1953,68769
P2394,67968
P2019,67235
P359,66847
P671,65944
P1266,65888
P103,65362
P3424,65171
P245,63159
P3031,62774
P282,62437
P61,61179
P1415,60707
P575,59992
P344,59854
P179,59272
P652,58875
P2435,58193
P140,58159
P859,58134
P650,57964
P761,57336
P2880,57319
P1258,57012
P2605,54814
P180,54275
P669,53112
P3405,52931
P236,52115
P649,51760
P1196,51739
P2168,51254
P480,50912
P490,50585
P3288,50340
P241,49956
P592,49614
P1871,49599
P272,49329
P1303,49299
P2639,48778
P2036,48668
P2047,47909
P576,46720
P3478,46718
P1588,46660
P65,46262
P2013,46020
P380,45669
P528,45508
P403,45391
P686,45150
P1376,44831
P3853,44721
P1265,43677
P1747,43646
P950,43527
P4024,42992
P172,42956
P774,42817
P691,42740
P2464,42700
P709,41959
P793,41492
P1077,41418
P30,41405
P949,41183
P428,41026
P586,41026
P353,40944
P1954,40839
P354,40716
P176,40090
P410,40069
P1315,40030
P1772,40000
P905,39940
P135,39911
P402,39751
P1619,39600
P750,39161
P1538,39003
P2369,38810
P3083,38718
P706,38444
P1113,38372
P154,38213
P59,38151
P2949,37624
P374,37466
P3450,37428
P535,37425
P2574,37130
P449,36843
P3088,36416
P3117,36307
P16,36301
P1263,36119
P512,35956
P1540,35663
P1539,35663
P2387,35552
P509,35001
P81,34750
P3043,34643
P197,34607
P3762,34467
P938,33453
P149,33429
P551,33365
P25,32545
P1001,32354
P2334,31654
P1992,31607
P580,31536
P2926,31396
P1296,31323
P126,31316
P3596,31309
P1055,31285
P460,30719
P884,30508
P762,30375
P2346,30313
P2843,30271
P366,30192
P41,30124
P2446,29982
P1459,29876
P409,29753
P1477,29682
P1728,29671
P1281,29599
P101,29481
P1207,29252
P1816,29054
P3903,28929
P2061,28751
P84,28112
P1472,28072
P708,28046
P243,27981
P1273,27961
P1853,27894
P212,27852
P1417,27846
P3500,27846
P2020,27490
P1746,27328
P3870,27207
P1040,27056
P638,26584
P53,26419
P2437,26338
P2123,26254
P395,25601
P178,25436
P3852,24969
P840,24827
P400,24733
P3302,24372
P1454,24211
P118,24105
P4159,24058
P396,23741
P1269,23650
P582,23560
P1618,23390
P2626,23158
P3120,23120
P3827,23108
P2638,23075
P1191,22819
P3107,22670
P1058,22483
P1367,22470
P740,22413
P1711,22377
P1729,21843
P1804,21698
P1464,21561
P1369,21357
P1943,21353
P435,21020
P710,20565
P2624,20536
P2519,20407
P3060,20386
P404,20353
P1017,20350
P3860,20190
P232,20187
P1442,19974
P1441,19876
P3537,19615
P957,19299
P2040,19035
P800,18370
P1116,18364
P1579,18305
P1874,18290
P1146,18203
P2465,18138
P1047,18079
P3995,17962
P112,17862
P4124,17778
P1411,17749
P2697,17700
P3593,17521
P2003,17480
P2602,17437
P452,17403
P1727,17403
P1010,17316
P3129,17202
P613,17127
P3616,17107
P1045,17076
P651,16987
P843,16978
P2481,16947
P1667,16940
P1969,16890
P559,16833
P1825,16821
P1249,16816
P6,16716
P814,16437
P1284,16213
P2833,16017
P393,15946
P2631,15911
P1981,15868
P982,15815
P3230,15796
P3222,15732
P1346,15680
P609,15618
P1600,15615
P1792,15562
P906,15532
P915,15495
P3539,15427
P902,15365
P3602,15226
P2788,15102
P2597,14932
P350,14928
P782,14918
P239,14823
P1220,14756
P948,14751
P144,14482
P2015,14377
P1469,14324
P2943,14313
P3348,14309
P2268,14294
P1826,14262
P804,14141
P466,14062
P291,14048
P190,13934
P2750,13912
P1313,13842
P1250,13746
P1240,13745
P2959,13716
P959,13578
P3371,13479
P2698,13446
P2401,13421
P2053,13410
P953,13287
P1712,13279
P2416,13275
P665,13264
P1409,13131
P2193,13105
P381,13066
P423,12965
P1080,12905
P1813,12842
P1946,12810
P3101,12763
P3546,12705
P1157,12694
P1907,12675
P128,12671
P1156,12655
P3547,12554
P1014,12491
P836,12470
P1440,12338
P2566,12323
P508,12219
P2508,12178
P3406,12174
P1986,12173
P3963,12155
P1015,12142
P1087,12106
P1083,11954
P184,11839
P1832,11795
P206,11731
P1184,11727
P115,11722
P3615,11652
P2704,11607
P1614,11508
P3284,11487
P2348,11483
P4093,11445
P640,11320
P998,11302
P439,11255
P1651,11250
P1644,11225
P2962,11202
P2789,11199
P4125,11190
P591,11158
P1064,11071
P1005,11050
P3096,11018
P723,10896
P549,10881
P3502,10774
P664,10683
P1400,10661
P3804,10551
P271,10462
P2001,10459
P1181,10431
P1745,10399
P2946,10394
P437,10389
P3634,10271
P3639,10254
P109,10213
P2892,10195
P1465,10180
P1066,10157
P1427,10122
P275,10076
P496,10059
P1819,9997
P412,9994
P4014,9979
P3203,9865
P866,9858
P2732,9807
P1938,9757
P722,9740
P3144,9736
P2386,9727
P676,9692
P611,9679
P809,9656
P2079,9577
P1942,9569
P1280,9535
P2554,9526
P931,9451
P1695,9441
P14,9374
P2381,9356
P2518,9334
P15,9284
P3933,9253
P3477,9204
P677,9174
P1103,9173
P2868,9164
P1104,9098
P2924,9077
P238,8958
P1741,8954
P3420,8912
P729,8911
P647,8900
P2503,8757
P692,8741
P749,8723
P376,8712
P486,8635
P1366,8569
P2951,8479
P1394,8456
P3135,8446
P699,8443
P3225,8374
P181,8352
P97,8345
P2671,8328
P2824,8290
P1332,8287
P772,8273
P1971,8263
P991,8176
P635,8172
P1333,8169
P1334,8166
P3118,8165
P1335,8163
P806,8161
P888,8109
P1679,8032
P347,8014
P2342,7962
P220,7937
P454,7912
P215,7907
P3538,7893
P968,7855
P1067,7833
P177,7814
P2660,7799
P1545,7710
P289,7693
P1237,7626
P825,7520
P1142,7509
P2094,7463
P3844,7442
P414,7365
P3398,7327
P205,7317
P3495,7285
P2100,7280
P3265,7256
P715,7172
P3472,7166
P4145,7124
P1801,7072
P1132,7026
P2511,6969
P494,6963
P98,6921
P3520,6905
P2856,6881
P954,6837
P2383,6818
P2108,6797
P461,6785
P3643,6751
P4002,6751
P1071,6747
P3145,6743
P2174,6717
P427,6644
P3561,6642
P287,6640
P1977,6620
P2670,6604
P2601,6580
P296,6551
P417,6519
P1092,6513
P1456,6459
P791,6456
P3574,6447
P1599,6443
P3061,6431
P3018,6402
P1153,6395
P3961,6315
P630,6292
P1866,6278
P1532,6270
P1936,6263
P1248,6243
P1995,6226
P1403,6219
P2364,6197
P1038,6180
P529,6170
P3965,6165
P3345,6162
P2007,6143
P2252,6104
P479,6097
P1365,6053
P2799,6032
P1877,6023
P1749,6002
P2091,5992
P1850,5963
P595,5939
P865,5922
P742,5910
P619,5891
P839,5889
P3987,5888
P1824,5887
P2042,5884
P1192,5874
P3365,5789
P2031,5776
P1145,5772
P3427,5713
P493,5696
P1967,5696
P599,5663
P375,5661
P1923,5643
P247,5641
P377,5624
P2257,5621
P3212,5617
P3990,5591
P1748,5586
P1585,5571
P3047,5547
P2496,5483
P117,5477
P579,5467
P2747,5459
P2057,5418
P3382,5413
P541,5365
P3296,5354
P348,5338
P2397,5324
P485,5321
P1408,5306
P1341,5289
P300,5216
P3655,5157
P3541,5149
P2180,5133
P3579,5130
P1050,5125
P3141,5099
P1416,5091
P2276,5082
P2509,5067
P1598,5065
P411,5050
P2767,5037
P3136,4961
P1430,4949
P1317,4933
P2506,4933
P1140,4897
P1056,4896
P629,4861
P1802,4850
P1422,4836
P1383,4802
P1952,4789
P1183,4786
P1933,4784
P371,4776
P2547,4776
P606,4774
P492,4771
P802,4714
P1101,4697
P3171,4693
P1110,4685
P1051,4681
P2539,4676
P1086,4659
P1795,4650
P1128,4631
P1431,4589
P1663,4585
P1423,4566
P2428,4562
P2538,4550
P3613,4544
P556,4529
P1648,4528
P713,4515
P1424,4513
P4005,4508
P1148,4504
P3569,4502
P1444,4497
P858,4486
P3124,4485
P1305,4471
P1533,4465
P2753,4463
P277,4460
P966,4454
P2685,4452
P1615,4448
P712,4448
P3305,4439
P286,4407
P776,4344
P488,4342
P223,4323
P1808,4318
P1649,4280
P240,4269
P1267,4247
P37,4228
P358,4226
P1541,4217
P1652,4201
P901,4193
P988,4159
P2515,4153
P4102,4148
P674,4132
P2347,4127
P711,4127
P2358,4120
P1212,4119
P1665,4098
P730,4097
P1036,4069
P2064,4055
P1004,4054
P2206,4053
P3808,4041
P2978,4032
P1138,4015
P484,4010
P3217,3994
P2729,3975
P4129,3953
P2253,3923
P1882,3907
P1717,3888
P3109,3879
P679,3870
P1233,3853
P3866,3848
P1997,3814
P3314,3784
P835,3772
P1899,3745
P816,3741
P201,3739
P566,3738
P1556,3724
P1449,3709
P1555,3699
P1160,3679
P3912,3672
P1612,3667
P946,3653
P808,3642
P3522,3613
P3105,3609
P598,3605
P1186,3602
P3884,3580
P1402,3565
P3571,3565
P945,3555
P852,3549
P3254,3547
P3560,3531
P2703,3528
P1680,3528
P3218,3521
P3532,3516
P2014,3515
P2114,3510
P2695,3496
P1399,3486
P1733,3479
P1771,3456
P2018,3455
P3786,3451
P1420,3445
P2448,3422
P1950,3403
P3662,3391
P3788,3390
P1368,3388
P1982,3370
P1855,3369
P2349,3362
P564,3331
P555,3324
P2632,3321
P1985,3320
P2534,3316
P882,3298
P3360,3282
P1027,3279
P1323,3271
P3344,3267
P4101,3245
P1278,3232
P451,3232
P3361,3226
P2736,3226
P3429,3225
P2302,3209
P1028,3198
P3565,3189
P2643,3181
P939,3179
P3046,3176
P2359,3172
P306,3172
P2610,3166
P724,3166
P2440,3157
P1122,3133
P3567,3131
P87,3124
P230,3102
P996,3099
P2741,3098
P1123,3095
P2041,3081
P2812,3076
P2190,3070
P608,3070
P974,3065
P610,3047
P1547,3036
P2755,3028
P237,3027
P1389,3025
P1053,3006
P1687,3002
P1945,3001
P4000,2997
P2372,2992
P3340,2985
P2745,2982
P2363,2977
P1902,2973
P908,2970
P536,2964
P1753,2963
P1754,2950
P2721,2928
P3022,2907
P2115,2903
P1254,2888
P3051,2885
P3077,2884
P443,2878
P2678,2869
P477,2860
P2282,2858
P200,2857
P1324,2848
P305,2847
P2032,2831
P3851,2825
P2521,2813
P3882,2811
P2883,2805
P1215,2792
P4122,2762
P3614,2757
P557,2752
P3566,2735
P1120,2717
P3769,2715
P2280,2704
P3605,2700
P1185,2695
P3923,2695
P158,2692
P2980,2691
P1563,2688
P467,2687
P1653,2675
P1770,2673
P408,2671
P1325,2665
P972,2644
P2354,2638
P737,2626
P3381,2614
P4080,2602
P3003,2597
P1743,2591
P2871,2589
P771,2588
P487,2587
P2694,2587
P3139,2583
P2659,2576
P355,2574
P870,2574
P1219,2572
P1807,2559
P3413,2555
P1340,2550
P3407,2550
P163,2547
P1375,2543
P1841,2524
P229,2523
P3544,2522
P1744,2506
P747,2503
P1230,2503
P110,2492
P777,2492
P1670,2490
P775,2481
P3221,2480
P2826,2477
P981,2474
P1629,2474
P3609,2468
P3069,2463
P2355,2462
P497,2460
P758,2451
P3142,2422
P432,2418
P964,2415
P1684,2411
P3716,2405
P2332,2394
P2922,2388
P2181,2387
P898,2382
P2773,2377
P113,2373
P2533,2372
P4168,2367
P617,2361
P1195,2357
P826,2354
P183,2352
P516,2330
P3562,2329
P129,2309
P425,2302
P597,2294
P2772,2293
P2459,2281
P3137,2255
P2458,2252
P3746,2242
P4025,2241
P1144,2238
P2290,2232
P1200,2224
P2130,2216
P2275,2215
P4062,2212
P1607,2210
P3782,2209
P1550,2207
P1960,2181
P3857,2181
P2045,2178
P2099,2178
P2021,2174
P2026,2165
P2191,2148
P2267,2146
P930,2145
P2080,2142
P3793,2132
P1894,2131
P3726,2129
P3650,2128
P1984,2128
P838,2115
P1451,2098
P2418,2096
P2541,2092
P455,2083
P458,2077
P1937,2071
P2613,2060
P741,2053
P1482,2044
P1483,2037
P504,2026
P3666,2025
P1609,2023
P3513,2022
P3563,2019
P1831,2012
P2818,2005
P121,1999
P1884,1990
P4114,1983
P3997,1980
P3628,1975
P3192,1973
P2188,1968
P3072,1968
P429,1967
P1631,1962
P2775,1957
P3279,1956
P3527,1952
P3053,1949
P3157,1948
P1842,1943
P673,1941
P828,1934
P4128,1934
P2847,1931
P2611,1929
P3764,1919
P1331,1914
P1793,1906
P655,1904
P3801,1903
P781,1899
P4042,1899
P3747,1887
P2321,1885
P3916,1883
P2870,1882
P2558,1870
P1998,1861
P3269,1861
P2884,1859
P3959,1859
P2853,1858
P1552,1855
P1327,1851
P1100,1846
P1788,1826
P267,1823
P2293,1822
P1587,1798
P3346,1794
P1329,1789
P1630,1785
P2425,1779
P1577,1777
P397,1771
P1584,1770
P2327,1770
P739,1768
P2641,1763
P2743,1761
P4123,1761
P3630,1758
P1996,1743
P757,1735
P2455,1735
P633,1734
P657,1718
P51,1710
P2684,1709
P3372,1706
P914,1704
P3703,1702
P1560,1700
P2456,1699
P1059,1691
P3868,1685
P3573,1681
P587,1673
P3017,1672
P2497,1671
P2287,1668
P1090,1658
P3066,1653
P2564,1647
P1037,1641
P1713,1638
P3525,1634
P1659,1633
P3619,1627
P1286,1623
P951,1623
P3045,1620
P1875,1614
P1238,1597
P1879,1589
P2941,1573
P3185,1569
P1896,1568
P3351,1561
P1214,1561
P1922,1559
P3306,1559
P1886,1547
P4046,1545
P3766,1542
P3106,1541
P2987,1539
P3876,1538
P2696,1535
P2950,1530
P2225,1524
P714,1524
P1339,1516
P2006,1505
P1030,1505
P1542,1496
P3787,1494
P194,1493
P3956,1493
P827,1492
P2614,1491
P1321,1488
P2272,1488
P3433,1484
P3329,1481
P2035,1480
P2350,1480
P2640,1472
P88,1468
P604,1466
P2326,1464
P1885,1463
P3471,1457
P2447,1452
P2052,1450
P3765,1448
P2727,1444
P2482,1443
P424,1440
P863,1436
P520,1436
P3342,1435
P1710,1433
P1257,1432
P2923,1432
P3441,1428
P1042,1427
P1838,1422
P248,1419
P1204,1419
P3426,1419
P725,1411
P3940,1405
P853,1400
P2488,1395
P2798,1386
P189,1383
P3389,1379
P3324,1370
P3704,1364
P2146,1361
P1818,1357
P778,1356
P605,1354
P10,1354
P2243,1354
P2596,1351
P3055,1351
P779,1351
P1151,1350
P1438,1347
P1285,1344
P2244,1343
P1636,1342
P1994,1338
P2545,1338
P3663,1336
P767,1336
P4013,1333
P3466,1325
P3785,1324
P3725,1322
P765,1320
P2589,1317
P4132,1316
P2194,1313
P1764,1313
P993,1312
P539,1312
P994,1310
P2915,1304
P3258,1303
P1309,1301
P2866,1300
P995,1298
P3906,1298
P1174,1298
P3409,1297
P3733,1295
P3694,1294
P2398,1291
P3421,1286
P3040,1285
P3856,1283
P2070,1277
P2333,1276
P3885,1263
P2642,1262
P1755,1259
P4009,1259
P1934,1242
P3642,1241
P3984,1240
P1261,1239
P38,1237
P2517,1236
P3402,1232
P1462,1229
P1159,1225
P1602,1212
P2034,1210
P3257,1206
P1959,1203
P2811,1201
P1740,1200
P2863,1195
P185,1193
P4079,1191
P111,1189
P1098,1185
P885,1185
P2339,1185
P2029,1184
P2929,1184
P3598,1176
P3820,1174
P1839,1173
P2875,1164
P3695,1161
P169,1156
P1750,1155
P2175,1153
P3065,1149
P1586,1149
P3673,1146
P2340,1145
P726,1142
P1350,1140
P2283,1138
P1434,1137
P3056,1137
P2657,1136
P3227,1135
P2590,1133
P3182,1133
P3697,1129
P1282,1125
P505,1123
P3499,1122
P3048,1121
P1457,1117
P1989,1116
P2424,1115
P1096,1113
P2858,1113
P3489,1108
P3735,1105
P689,1092
P2233,1090
P2953,1087
P841,1081
P3761,1080
P941,1080
P3568,1079
P4050,1072
P2580,1071
P3637,1068
P3781,1068
P690,1066
P3054,1066
P3684,1065
P1351,1062
P2005,1058
P1314,1055
P2124,1054
P1888,1052
P2900,1046
P552,1044
P2213,1043
P1387,1042
P3412,1041
P1301,1039
P1378,1038
P3309,1037
P2325,1037
P2454,1036
P947,1032
P2248,1032
P1342,1032
P483,1032
P1003,1027
P1581,1024
P4053,1024
P2635,1022
P2802,1022
P2800,1017
P2038,1017
P3536,1016
P3869,1014
P1616,1007
P1242,1000
P1883,998
P1362,996
P1348,980
P2526,980
P3832,973
P2625,973
P2016,967
P1854,967
P3322,961
P3652,961
P675,954
P3770,954
P783,953
P2417,953
P2505,951
P122,949
P1256,949
P780,949
P2487,948
P1766,947
P3919,945
P3453,943
P2266,942
P1554,935
P2936,934
P3475,934
P3523,933
P3297,920
P547,919
P3104,917
P788,916
P3507,915
P632,915
P1800,912
P3425,910
P1274,909
P3760,907
P3223,907
P3188,906
P1791,905
P3411,898
P470,894
P3601,893
P3604,893
P2101,890
P837,889
P2795,887
P2121,883
P263,882
P879,881
P1707,880
P2377,877
P3140,874
P2273,869
P1320,868
P3029,867
P1414,865
P2940,861
P2423,857
P785,856
P2861,856
P2234,852
P2439,852
P2054,851
P798,849
P2801,848
P3521,846
P1308,844
P636,844
P821,843
P2033,839
P4044,839
P2491,837
P1890,835
P2783,830
P1830,825
P532,824
P2945,824
P3394,817
P2432,809
P1288,808
P3481,805
P398,803
P2328,803
P1112,803
P3408,803
P1460,803
P2195,802
P469,801
P1549,799
P3588,797
P3050,796
P784,796
P2388,790
P3102,790
P2973,786
P1268,786
P2963,784
P3099,778
P3904,778
P91,777
P1307,775
P2774,773
P3981,773
P3293,772
P2636,771
P1935,771
P1461,770
P2650,766
P3401,766
P1709,764
P2469,763
P2176,762
P3367,757
P2380,753
P2390,751
P193,751
P2777,751
P1049,749
P3710,749
P4034,749
P157,747
P1439,747
P1287,746
P1657,746
P1352,742
P1957,739
P2142,738
P2277,736
P854,736
P2730,734
P3557,733
P3177,731
P2471,730
P2389,729
P3626,728
P1867,728
P2167,727
P35,726
P1114,723
P3858,723
P2633,719
P3533,719
P2886,718
P1617,715
P1931,715
P2944,715
P2917,712
P1576,711
P864,710
P1811,708
P1699,707
P1065,705
P1535,703
P3925,703
P3665,702
P667,700
P1297,698
P1149,697
P2239,697
P3556,696
P2862,695
P1561,693
P787,692
P2709,690
P3943,688
P1388,687
P4156,687
P1697,685
P1115,684
P1291,683
P2758,683
P4023,681
P1382,679
P1330,678
P2011,676
P2520,675
P3834,673
P3123,669
P3035,669
P4146,664
P631,658
P3044,658
P3780,658
P944,656
P2498,655
P3612,654
P1289,653
P2400,650
P3121,648
P1639,648
P990,646
P3058,646
P1565,644
P1650,644
P4057,642
P553,641
P927,640
P2382,640
P880,639
P3410,638
P2823,637
P3286,637
P1567,632
P534,632
P786,631
P1229,628
P1336,625
P1958,620
P1980,620
P2628,619
P1732,617
P3696,613
P2778,612
P2102,611
P3668,608
P2436,608
P1245,607
P2686,607
P85,601
P3837,598
P3980,597
P3810,597
P2119,593
P1407,593
P3049,590
P3794,586
P3519,586
P2699,584
P1829,584
P2209,583
P2756,582
P2728,581
P2537,581
P1312,580
P1163,579
P2431,579
P2171,578
P3354,578
P1782,577
P789,576
P2012,576
P3451,575
P2404,572
P2408,572
P2593,572
P3928,571
P3216,571
P2572,569
P672,569
P1654,567
P3681,563
P1716,563
P2182,562
P3763,559
P1621,557
P3927,557
P450,554
P2330,554
P2748,553
P2991,546
P558,544
P3815,544
P1761,544
P3446,542
P2089,540
P2415,538
P3119,537
P2776,535
P465,534
P4063,534
P3007,534
P2169,524
P2468,522
P1029,522
P1299,520
P1949,520
P2483,519
P2873,518
P1074,518
P1580,517
P2278,517
P3057,516
P2805,515
P3468,506
P3355,505
P2184,504
P2522,504
P2561,502
P2621,501
P3330,500
P3580,498
P3436,495
P3379,494
P3825,494
P1672,493
P3957,493
P1292,493
P628,491
P2000,488
P2331,488
P695,484
P748,484
P219,482
P3160,481
P2139,480
P1002,480
P3686,479
P4081,478
P208,476
P1582,476
P1961,472
P2600,471
P658,471
P2323,470
P687,469
P3170,467
P1529,467
P3038,465
P4076,465
P4054,465
P1827,463
P2582,463
P3645,462
P717,461
P1963,459
P1730,459
P3683,458
P1404,457
P1978,456
P3503,454
P3647,453
P3023,452
P3187,451
P3767,451
P3063,449
P1596,446
P1821,444
P3720,444
P2373,443
P1846,442
P1869,442
P1019,441
P4083,440
P2914,439
P1048,438
P2504,437
P2579,436
P3482,436
P2378,436
P1371,431
P3685,430
P3515,430
P3516,430
P1685,429
P833,428
P1900,426
P3328,426
P1463,426
P2370,425
P2037,425
P795,424
P561,423
P522,422
P2956,421
P3501,421
P2779,419
P4139,416
P2263,415
P1262,415
P3723,415
P3267,412
P989,412
P3089,412
P861,412
P770,410
P2438,408
P2109,408
P2025,407
P4059,405
P805,404
P382,403
P3749,403
P3159,403
P1955,402
P1940,402
P3545,400
P696,398
P2030,397
P3589,397
P2129,396
P1962,396
P3907,396
P525,395
P3896,395
P3911,394
P92,393
P1848,393
P3883,391
P2410,390
P3280,386
P2341,385
P2882,384
P1201,381
P2598,381
P2295,380
P2787,380
P3404,378
P3964,377
P3922,377
P3114,376
P3678,376
P2629,376
P503,375
P2846,375
P406,373
P1647,373
P2578,371
P2196,371
P2008,371
P3318,370
P2128,369
P1347,369
P2399,369
P3509,368
P1979,368
P3535,368
P2857,366
P3748,366
P1085,365
P2930,364
P1046,364
P2449,364
P2612,363
P3554,363
P1876,362
P3445,359
P2850,359
P278,358
P1762,358
P3134,357
P66,356
P867,356
P1553,355
P3914,353
P563,351
P3300,351
P2540,350
P2780,350
P620,349
P1133,346
P3711,346
P1419,345
P720,344
P3638,344
P3327,344
P2656,343
P1401,342
P2385,342
P2992,341
P3111,341
P3195,341
P2412,340
P1253,340
P3127,340
P2262,339
P1787,338
P2264,337
P1944,336
P2990,336
P1025,335
P2867,335
P2177,332
P2910,330
P4029,330
P2896,329
P3298,328
P1481,328
P1557,327
P2153,327
P4008,325
P2173,324
P1158,324
P3150,324
P1076,324
P415,324
P562,322
P2810,322
P2984,321
P4112,321
P1203,320
P3338,320
P4164,318
P2764,317
P2829,317
P3385,315
P1255,313
P3691,313
P2144,312
P1322,311
P588,311
P440,308
P1736,308
P474,306
P3204,306
P2499,305
P3100,305
P303,305
P2162,305
P511,304
P1991,304
P2284,303
P2317,303
P2451,303
P1143,303
P2120,301
P736,301
P2830,300
P3839,299
P1847,297
P3376,295
P78,293
P533,293
P3682,293
P2583,292
P3996,292
P4003,292
P3202,291
P1809,291
P1731,291
P2726,291
P3835,291
P3818,290
P1473,290
P3321,289
P2260,289
P872,289
P2562,288
P2205,288
P2374,288
P2500,285
P1418,285
P2960,285
P3092,284
P3169,284
P3982,283
P3592,283
P3059,281
P952,280
P911,279
P2489,279
P3975,274
P2637,272
P1589,271
P4104,270
P2525,270
P2667,269
P2970,268
P3960,267
P2669,266
P3259,266
P3530,266
P2131,265
P2170,263
P1641,263
P3422,262
P618,262
P297,261
P530,261
P886,261
P3577,261
P1627,260
P1093,260
P2249,260
P3241,259
P1786,259
P298,258
P299,258
P1455,258
P1072,258
P4074,257
P2848,257
P1714,256
P1820,256
P2429,256
P3836,255
P1031,255
P114,255
P3172,255
P426,255
P4026,254
P3435,252
P822,252
P1043,252
P3743,251
P1769,251
P2493,251
P3363,250
P3924,250
P589,249
P612,248
P2281,248
P1799,247
P818,247
P1626,246
P2968,245
P860,245
P1075,245
P4060,245
P1815,245
P1725,244
P3881,244
P694,244
P2132,243
P2814,243
P1364,243
P2298,243
P642,243
P3273,243
P621,242
P759,242
P3581,241
P1478,240
P3423,240
P1844,240
P984,239
P3325,239
P3419,239
P1222,236
P3442,236
P3795,236
P3822,236
P823,236
P2969,235
P2903,235
P3564,233
P3443,232
P2259,231
P3548,230
P3010,230
P2403,227
P1987,225
P2689,225
P2768,225
P2254,224
P199,224
P1983,224
P1622,221
P1688,221
P1044,221
P3872,221
P2852,220
P4086,220
P2103,220
P2648,219
P2338,218
P2009,218
P2010,218
P3888,217
P3339,217
P2705,217
P1613,216
P498,216
P444,216
P3418,215
P2202,214
P3830,214
P3277,213
P1316,213
P3154,212
P2971,212
P4071,211
P3315,211
P3908,211
P881,210
P1671,209
P3913,209
P3974,209
P3301,209
P1081,208
P3281,208
P3020,207
P3392,207
P4035,207
P3799,207
P3621,205
P2804,204
P3476,204
P2985,203
P3125,203
P3622,203
P1700,202
P3889,201
P1990,201
P2286,200
P2261,200
P3895,200
P3362,199
P167,199
P2559,199
P1972,198
P2722,198
P501,197
P3174,197
P1294,197
P3952,197
P1920,197
P3448,196
P1531,195
P2081,195
P1279,194
P829,194
P2421,194
P3930,193
P2237,193
P2219,192
P3091,192
P3646,192
P3941,192
P746,191
P2881,191
P1270,190
P2258,188
P1198,188
P218,188
P3910,188
P1976,187
P3958,187
P4010,186
P3783,186
P2708,185
P1117,183
P4056,183
P2754,183
P4022,182
P3887,182
P2203,181
P134,181
P2405,181
P3108,181
P3000,180
P1678,180
P1377,180
P2462,180
P2442,180
P2207,180
P718,178
P1611,176
P3085,176
P3790,176
P3585,176
P2791,176
P3449,175
P542,174
P2422,174
P877,174
P3871,174
P2125,173
P3197,173
P624,173
P4021,173
P2961,173
P2270,172
P4088,172
P1891,171
P892,171
P3584,171
P3004,171
P3245,170
P2619,170
P3840,170
P2078,169
P3132,168
P3366,168
P2797,168
P3380,167
P1906,165
P4170,165
P2751,165
P1817,165
P3937,164
P3209,163
P3850,162
P2155,162
P797,161
P2452,161
P831,161
P270,160
P1073,160
P963,160
P1236,160
P2299,159
P3266,159
P3414,159
P744,159
P3926,158
P3206,158
P3320,158
P3289,158
P3086,157
P246,156
P1182,156
P2889,155
P4061,155
P3534,155
P2872,154
P3283,154
P3434,154
P457,152
P1543,152
P3285,152
P3945,152
P2413,152
P3428,152
P1235,151
P3326,151
P3250,150
P668,148
P2090,148
P3087,148
P1968,148
P1302,148
P2134,147
P3845,147
P3661,147
P1828,146
P1638,146
P1973,146
P1628,146
P942,145
P1702,145
P2845,145
P4072,145
P2218,144
P3310,144
P1283,141
P3237,141
P2649,141
P3497,141
P1397,140
P3383,140
P3625,140
P3332,140
P2806,140
P1669,139
P3391,139
P1252,139
P3228,139
P3479,138
P2384,137
P2734,137
P3041,137
P2899,137
P3353,137
P221,136
P2407,135
P2688,135
P1601,135
P3189,135
P3110,135
P3658,135
P2088,135
P3610,135
P3758,135
P567,135
P3494,135
P2997,134
P912,134
P1694,134
P2740,133
P568,131
P3949,130
P2106,130
P1190,129
P2827,129
P3920,129
P3162,128
P249,128
P2668,128
P2073,127
P2027,127
P3700,126
P2087,126
P3674,125
P2939,125
P4030,125
P1574,125
P3005,125
P1436,124
P3677,124
P3744,124
P3078,123
P4152,123
P812,122
P4154,122
P2557,122
P506,121
P2762,121
P1696,121
P3929,120
P943,120
P3582,120
P3693,120
P2815,120
P3635,119
P3861,119
P2673,119
P1637,119
P1479,118
P3396,118
P2620,118
P917,118
P1217,118
P3660,117
P2530,117
P1635,116
P2793,115
P1798,115
P1840,115
P1868,115
P3690,114
P2832,114
P4089,114
P1646,114
P416,113
P4015,113
P3843,113
P3370,113
P3994,113
P464,113
P790,112
P2674,112
P1018,111
P2050,111
P2409,111
P2586,110
P2107,110
P1640,110
P3006,109
P1881,109
P2894,109
P2556,108
P3184,107
P2512,106
P3936,106
P1109,105
P3698,105
P3976,105
P2819,105
P2723,105
P3644,105
P1088,104
P476,104
P3052,104
P1272,104
P2679,104
P3921,104
P3183,103
P919,103
P1276,103
P4084,102
P1398,102
P468,101
P634,101
P3641,101
P3263,101
P1726,101
P1999,100
P3915,100
P3454,100
P2065,100
P3728,100
P2792,100
P3721,99
P2907,99
P1168,99
P769,99
P1739,99
P1692,98
P3897,98
P2379,98
P3248,97
P2859,97
P3526,97
P3813,97
P807,96
P1445,96
P3898,96
P2344,95
P2460,95
P2531,95
P3576,94
P3226,94
P2137,94
P2869,94
P2322,94
P500,93
P3798,93
P2592,93
P3999,93
P4167,92
P2479,92
P2289,91
P2058,91
P3275,91
P2478,91
P999,90
P1026,89
P2514,89
P2794,89
P3238,88
P3657,88
P2546,88
P3699,88
P2357,87
P1396,87
P1429,87
P3841,87
P3722,86
P4073,86
P3009,86
P2092,86
P523,85
P1363,85
P1873,84
P2329,84
P3607,84
P2716,83
P3659,83
P3552,83
P832,82
P913,82
P3828,81
P3308,81
P3473,81
P4120,80
P3152,80
P1000,79
P763,79
P1872,78
P958,78
P2733,78
P3867,77
P2473,77
P2952,77
P792,77
P3112,76
P1213,76
P1139,76
P2749,76
P3983,76
P3356,76
P3653,75
P1150,74
P3307,74
P3846,74
P2720,74
P3514,74
P2371,74
P3512,73
P3290,73
P3219,72
P524,72
P2782,72
P878,72
P1068,72
P2966,72
P3316,71
P3714,71
P883,70
P768,70
P518,70
P3190,70
P3002,70
P4111,70
P3015,69
P1239,69
P3350,69
P1551,69
P2360,69
P3998,69
P1546,68
P2004,68
P2161,68
P3178,68
P965,68
P2738,67
P3032,67
P1172,67
P3256,67
P517,66
P3368,66
P2905,66
P803,65
P3403,65
P3979,65
P2151,65
P1290,65
P2765,65
P2622,65
P2152,64
P2434,64
P3517,64
P209,63
P2725,63
P3654,63
P924,63
P1021,63
P3229,63
P3131,63
P1548,63
P2365,62
P2769,62
P2074,62
P3463,62
P2097,62
P1558,62
P2024,62
P2098,62
P1293,62
P3008,61
P693,61
P3833,61
P2651,61
P1360,60
P3469,60
P1656,60
P1471,60
P3713,60
P4126,59
P2865,59
P3358,59
P2147,58
P3299,58
P1410,57
P2813,57
P1241,57
P3669,56
P3311,56
P3986,56
P1921,56
P2904,55
P1852,55
P2164,55
P2927,54
P2075,54
P1880,54
P3261,54
P3863,54
P820,54
P3095,53
P2908,53
P3718,53
P3220,53
P210,52
P1796,52
P1232,52
P3033,52
P1165,52
P3807,52
P1432,52
P2071,51
P2665,51
P3821,51
P1993,50
P1246,50
P543,50
P3090,50
P2666,50
P3176,50
P1304,49
P728,49
P2291,49
P3679,49
P1591,49
P1259,49
P3968,49
P3948,49
P3303,49
P1947,48
P3113,48
P2157,48
P3707,48
P1908,48
P3745,48
P2240,47
P2226,47
P3893,47
P2974,47
P2627,47
P1951,47
P4019,47
P3955,47
P3357,47
P3488,46
P3487,46
P2563,46
P4171,46
P1225,46
P1536,46
P2492,46
P2288,45
P3191,45
P2060,45
P1345,45
P1662,45
P1752,45
P2199,44
P3620,44
P3672,44
P1735,44
P2647,44
P3194,44
P2367,44
P2876,44
P4020,43
P3542,43
P3025,43
P1833,42
P1666,42
P3156,42
P670,42
P3270,41
P2082,41
P751,41
P399,41
P1568,41
P1988,41
P3271,40
P2343,40
P3909,40
P1661,40
P1318,40
P2977,40
P3842,40
P2652,40
P1311,40
P732,40
P3374,40
P1108,39
P923,39
P3708,39
P2475,39
P3724,38
P545,38
P2925,38
P3701,38
P3875,38
P3737,38
P3738,38
P1264,38
P1803,38
P1610,38
P2989,37
P2211,37
P3349,37
P2664,37
P2201,37
P1571,37
P3931,37
P2279,37
P2957,37
P3942,37
P3558,37
P3597,37
P1624,37
P3670,37
P2887,37
P3211,37
P2825,37
P701,36
P1121,36
P3264,36
P2942,36
P2735,36
P847,36
P1243,36
P3377,36
P980,36
P2585,35
P2216,35
P3292,35
P2300,35
P1023,35
P3021,35
P2575,35
P3163,35
P2713,35
P3687,35
P1595,35
P2742,35
P1837,35
P3529,34
P2238,34
P3485,34
P2909,34
P2112,34
P3207,34
P2527,34
P4069,34
P546,34
P1199,34
P1035,34
P1534,34
P2494,34
P3570,34
P2701,34
P3074,34
P3751,34
P940,33
P3823,33
P2808,33
P824,33
P2817,33
P2931,33
P2470,33
P2335,33
P2172,32
P2426,32
P1209,32
P3671,32
P3934,32
P1794,32
P2441,32
P3755,32
P1013,32
P3954,32
P3899,32
P3656,32
P845,32
P3702,32
P2165,32
P2849,31
P367,31
P2200,31
P3295,31
P1645,31
P1034,31
P3093,31
P600,31
P515,31
P1693,31
P2838,31
P2472,31
P2156,31
P2552,31
P2551,31
P2937,31
P2510,31
P1385,31
P1007,31
P756,30
P1537,30
P2318,30
P574,30
P909,30
P1760,30
P3709,30
P3243,30
P3886,30
P3067,29
P745,29
P3675,29
P3970,29
P3439,29
P2095,29
P3438,29
P1370,29
P3855,29
P933,29
P3431,29
P1319,28
P2878,28
P2599,28
P3712,28
P1392,28
P3158,28
P2484,28
P1060,27
P2214,27
P2113,27
P2063,27
P2913,27
P2898,27
P2528,27
P2242,27
P4016,27
P2391,27
P2935,27
P418,26
P1126,26
P3070,26
P507,26
P1079,26
P4117,26
P2486,26
P3437,26
P2786,26
P4051,26
P3705,26
P1632,26
P4028,26
P2271,26
P3161,25
P2062,25
P3444,25
P2784,25
P3456,25
P3667,25
P1590,25
P813,25
P2739,25
P3938,24
P3153,24
P1373,24
P3491,24
P1032,24
P3039,24
P4033,24
P4055,24
P2550,24
P1620,24
P3935,24
P1033,23
P2759,23
P1901,23
P2618,23
P1851,23
P3946,23
P2189,23
P3262,23
P3014,23
P3016,23
P3993,23
P4077,23
P3359,23
P1887,22
P3115,22
P1806,22
P3752,22
P514,22
P2928,22
P2187,22
P3848,22
P1234,22
P459,22
P2623,22
P3080,22
P3496,22
P2581,21
P2084,21
P1127,21
P4098,21
P2159,21
P2227,21
P3490,21
P1338,21
P4027,21
P2965,21
P2463,21
P2376,21
P2954,21
P1594,21
P2851,21
P3415,21
P1125,20
P2737,20
P1247,20
P1054,20
P731,20
P2790,20
P3173,20
P3753,20
P3988,20
P550,20
P2967,20
P2682,20
P1446,20
P3098,20
P2375,19
P1789,19
P3789,19
P4149,19
P3075,19
P4147,19
P3742,19
P2068,19
P2731,19
P2658,19
P3797,19
P2770,19
P1211,19
P3483,19
P3932,19
P2687,19
P3432,19
P2681,19
P1773,19
P3917,19
P622,19
P1466,18
P1189,18
P868,18
P2250,18
P4096,18
P4052,18
P1683,18
P1664,18
P3754,18
P3155,18
P2320,18
P3953,18
P1326,18
P3012,17
P1251,17
P1167,17
P2630,17
P2149,17
P3800,17
P1099,17
P453,17
P707,17
P2724,17
P3549,17
P3590,17
P3461,17
P3611,17
P2975,17
P3829,17
P2555,17
P773,16
P4094,16
P2919,16
P2072,16
P3505,16
P3791,16
P844,16
P4131,16
P1372,16
P3854,16
P521,16
P2217,16
P2076,16
P2351,16
P2083,16
P4038,16
P1919,16
P3734,16
P2893,16
P819,16
P1141,16
P2803,16
P2476,16
P3103,15
P654,15
P2066,15
P3989,15
P2938,15
P1202,15
P3874,15
P3816,15
P1193,15
P2138,15
P2485,15
P2549,15
P1078,15
P1136,15
P3651,15
P1395,15
P3458,15
P2236,15
P2771,15
P1041,15
P2897,15
P1380,15
P2999,14
P2854,14
P4116,14
P834,14
P3862,14
P3623,14
P3042,14
P799,14
P3094,14
P2396,14
P3715,14
P1673,14
P3719,14
P928,14
P1137,14
P1578,14
P2324,14
P1381,14
P2763,14
P1823,14
P4157,14
P3196,14
P2837,13
P3198,13
P1603,13
P2116,13
P2839,13
P2993,13
P3606,13
P2345,13
P1810,13
P2820,13
P3082,13
P3757,13
P4043,13
P502,13
P1903,13
P3600,13
P4127,13
P2761,13
P3977,13
P4087,13
P2461,13
P1039,13
P2584,13
P2192,13
P894,13
P3272,13
P3215,13
P2457,13
P3395,12
P2204,12
P3013,12
P3205,12
P916,12
P2661,12
P3900,12
P4037,12
P4138,12
P2877,12
P1164,12
P1924,12
P2634,12
P3208,12
P560,12
P2474,12
P1686,12
P1162,12
P1608,12
P489,12
P3608,12
P2855,11
P3387,11
P3465,11
P3849,11
P873,11
P3416,11
P3378,11
P4040,11
P2127,11
P2683,11
P2568,11
P4136,11
P3019,11
P1406,11
P1161,11
P2828,11
P4133,11
P1544,11
P897,11
P1218,11
P3034,11
P3128,11
P3276,11
P2402,11
P3587,11
P4011,11
P4012,11
P538,11
P3133,11
P967,11
P1453,10
P370,10
P3179,10
P3493,10
P1668,10
P1227,10
P3627,10
P1012,10
P3802,10
P3559,10
P3498,10
P3664,10
P2879,10
P2700,10
P3260,10
P3811,10
P1474,10
P2595,10
P2319,10
P2746,9
P3071,9
P3631,9
P491,9
P2166,9
P4085,9
P1470,9
P4004,9
P3992,9
P1708,9
P3234,9
P2490,9
P3347,9
P656,9
P1966,9
P3081,9
P2560,9
P3578,9
P3962,9
P1592,9
P2255,9
P3097,8
P2986,8
P1102,8
P653,8
P1458,8
P918,8
P3689,8
P663,8
P3511,8
P3126,8
P2809,8
P2411,8
P2235,8
P3692,8
P2831,8
P3400,8
P3985,8
P1715,8
P2840,8
P733,8
P3518,8
P447,8
P2229,8
P2185,8
P811,8
P3180,8
P2445,8
P3030,8
P3636,8
P3847,8
P4066,8
P2285,8
P1393,8
P1188,7
P2117,7
P3967,7
P537,7
P925,7
P926,7
P2453,7
P2663,7
P1210,7
P207,7
P3531,7
P2715,7
P3440,7
P889,7
P2315,7
P4039,7
P2655,7
P4067,7
P3806,7
P920,7
P1428,7
P2105,7
P1948,7
P2607,7
P3470,7
P3390,7
P4109,7
P3736,7
P4099,7
P2976,7
P3001,7
P565,7
P3803,7
P2197,7
P2675,7
P2210,7
P2502,7
P893,7
P3750,7
P2567,7
P4075,7
P4161,6
P700,6
P2645,6
P1956,6
P1605,6
P1690,6
P3618,6
P2028,6
P3341,6
P3146,6
P2406,6
P2821,6
P1785,6
P4140,6
P2864,6
P3814,6
P554,6
P3877,6
P1930,6
P1928,6
P1573,6
P3460,6
P2918,6
P2198,6
P1386,6
P369,6
P1910,6
P2450,6
P1084,6
P2516,6
P2414,6
P3524,6
P2822,6
P2532,6
P3594,6
P3739,6
P3706,6
P2998,6
P2118,6
P3902,6
P3364,6
P2231,6
P2606,6
P1706,6
P3583,6
P3447,6
P3555,6
P3528,6
P3812,6
P2979,5
P2208,5
P1069,5
P1155,5
P2760,5
P760,5
P2230,5
P1751,5
P3484,5
P2221,5
P2430,5
P2353,5
P1925,5
P1845,5
P2948,5
P1593,5
P3575,5
P2085,5
P2672,5
P2680,5
P849,5
P531,5
P3506,5
P3838,5
P4097,5
P1052,5
P970,5
P2702,5
P1905,5
P3331,5
P2576,5
P3148,5
P3890,5
P4065,5
P3966,5
P3333,5
P2477,5
P1691,5
P862,5
P876,4
P2796,4
P2983,4
P2366,4
P3892,4
P1187,4
P1467,4
P2126,4
P3891,4
P2841,4
P2844,4
P1349,4
P2143,4
P3026,4
P1604,4
P3213,4
P3352,4
P3335,4
P3200,4
P3224,4
P3242,4
P3759,4
P1721,4
P1849,4
P660,4
P1024,4
P1575,4
P2392,4
P2135,4
P2154,4
P2179,4
P3253,4
P1111,4
P3036,4
P3462,4
P4017,4
P4110,4
P3768,4
P2145,4
P2055,4
P1909,4
P875,4
P1878,4
P3268,4
P4007,4
P2712,4
P3817,4
P4092,4
P1763,4
P1129,4
P2467,4
P2362,4
P2988,4
P3168,4
P3232,4
P3950,4
P3291,4
P1625,4
P817,4
P3024,4
P4100,4
P3632,4
P874,3
P4151,3
P1097,3
P2069,3
P3624,3
P3397,3
P887,3
P3235,3
P4068,3
P4082,3
P4113,3
P1704,3
P2766,3
P1775,3
P3773,3
P1353,3
P2336,3
P659,3
P1154,3
P1221,3
P1425,3
P1564,3
P3147,3
P1913,3
P2056,3
P2507,3
P2816,3
P3116,3
P3918,3
P4135,3
P4001,3
P1822,3
P2834,3
P3969,3
P3741,3
P1170,3
P3826,3
P3973,3
P1836,3
P1703,3
P3068,3
P1893,3
P1932,3
P2223,3
P2337,3
P2964,3
P4032,3
P3167,3
P3776,3
P3304,3
P4058,3
P4090,3
P2573,3
P1897,3
P1898,3
P2895,3
P3399,3
P3944,3
P4106,3
P796,3
P1912,3
P3165,3
P3824,3
P405,3
P2096,3
P3901,3
P2972,3
P1277,3
P1300,3
P2158,3
P4115,3
P3233,3
P1171,2
P2222,2
P2480,2
P1870,2
P1916,2
P4048,2
P3831,2
P3727,2
P1468,2
P3740,2
P3504,2
P1359,2
P2591,2
P922,2
P1208,2
P1310,2
P1929,2
P2077,2
P2150,2
P2183,2
P2228,2
P3251,2
P3252,2
P2297,2
P2303,2
P2361,2
P3386,2
P3784,2
P2710,2
P2982,2
P2368,2
P3375,2
P3231,2
P3572,2
P3805,2
P4162,2
P3978,2
P4103,2
P4107,2
P4121,2
P4143,2
P3480,2
P3175,2
P4150,2
P2292,2
P2662,2
P1275,2
P1271,2
P1583,2
P1194,2
P2308,2
P3730,2
P2136,2
P4165,2
P3586,2
P4166,2
P578,2
P1911,2
P2536,2
P1660,2
P2553,2
P1917,2
P2086,2
P2212,2
P2310,2
P2501,2
P2717,2
P1354,2
P3037,2
P3122,2
P3388,2
P3457,2
P3551,2
P3676,2
P3772,2
P3774,2
P3809,2
P3991,2
P3939,2
P3951,2
P4036,2
P4160,2
P794,2
P1689,2
P2981,2
P1295,2
P3595,2
P2565,2
P2542,2
P2215,2
P2524,2
P2646,2
P368,2
P3073,2
P1674,2
P1918,2
P855,2
P1124,2
P1606,2
P4169,2
P1776,2
P3201,2
P2513,2
P3166,2
P3246,2
P3193,2
P3599,2
P3633,2
P3731,2
P3796,2
P4163,2
P3859,2
P3323,2
P4095,2
P4108,2
P4130,2
P1355,2
P2587,2
P1738,2
P3467,2
P4031,2
P2874,2
P2577,2
P2051,2
P3729,2
P4078,2
P3732,2
P1022,2
P1677,2
P1779,2
P3274,2
P3603,2
P3894,2
P4041,2
P3076,2
P4119,2
P3199,2
P3393,2
P1915,2
P1914,2
P2352,2
P143,1
P1450,1
P2140,1
P2141,1
P2309,1
P2312,1
P2313,1
P2535,1
P3028,1
P3236,1
P3337,1
P3550,1
P3640,1
P3777,1
P3792,1
P3865,1
P3972,1
P4018,1
P626,1
P678,1
P929,1
P1135,1
P1643,1
P1675,1
P1676,1
P2294,1
P2304,1
P2305,1
P2718,1
P2807,1
P2842,1
P2955,1
P3486,1
P3492,1
P3629,1
P3680,1
P3717,1
P3775,1
P3779,1
P3864,1
P4070,1
P4118,1
P4137,1
P4144,1
P548,1
P697,1
P1016,1
P1106,1
P1357,1
P1443,1
P1480,1
P1778,1
P1780,1
P2133,1
P2241,1
P2316,1
P2444,1
P2676,1
P2677,1
P3027,1
P3778,1
P3905,1
P4006,1
P1011,1
P1107,1
P1356,1
P1358,1
P1642,1
P2148,1
P2307,1
P2571,1
P2781,1
P2835,1
P2836,1
P2916,1
P3149,1
P3294,1
P3452,1
P3455,1
P3459,1
P3464,1
P4091,1
P4105,1
P4141,1
P4153,1
P1390,1
P1437,1
P1734,1
P1774,1
P1777,1
P2160,1
P2178,1
P2220,1
P2224,1
P2232,1
P2296,1
P2306,1
P2311,1
P2433,1
P2443,1
P2719,1
P2744,1
P2911,1
P2912,1
P3084,1
P3130,1
P3343,1
P3553,1
P3648,1
P3756,1
P3771,1
P3819,1
P3971,1
P4045,1
P4047,1
P4142,1
P4155,1
P4158,1
