element,kind,count
http://bio2rdf.org/drugbank_vocabulary:Drug,type,5049
http://bio2rdf.org/pharmgkb_vocabulary:Disease,type,840
http://bio2rdf.org/omim_vocabulary:Gene,type,832
http://bio2rdf.org/omim_vocabulary:Phenotype,type,641
http://bio2rdf.org/drugbank_vocabulary:Target,type,485
http://bio2rdf.org/drugbank_vocabulary:Drug-Drug-Interaction,type,377
http://bio2rdf.org/kegg_vocabulary:Pathway,type,350
http://bio2rdf.org/pharmgkb_vocabulary:Drug,type,285
http://bio2rdf.org/ctd_vocabulary:Gene-Disease-Association,type,233
http://bio2rdf.org/pharmgkb_vocabulary:Gene,type,199
http://bio2rdf.org/clinicaltrials_vocabulary:Clinical-Study,type,150
http://bio2rdf.org/kegg_vocabulary:Reaction,type,140
http://bio2rdf.org/kegg_vocabulary:Drug,type,131
http://bio2rdf.org/irefindex_vocabulary:Pairwise-Interaction,type,124
http://bio2rdf.org/affymetrix_vocabulary:Probeset,type,116
http://bio2rdf.org/ctd_vocabulary:Gene,type,114
http://bio2rdf.org/omim_vocabulary:Gene-phenotype,type,108
http://bio2rdf.org/kegg_vocabulary:Enzyme,type,98
http://bio2rdf.org/ctd_vocabulary:Disease,type,97
http://bio2rdf.org/drugbank_vocabulary:Patent,type,87
http://bio2rdf.org/ncbigene_vocabulary:Gene,type,83
http://bio2rdf.org/ctd_vocabulary:Chemical-Disease-Association,type,82
http://bio2rdf.org/kegg_vocabulary:Compound,type,80
http://bio2rdf.org/ctd_vocabulary:Chemical,type,77
http://bio2rdf.org/wormbase_vocabulary:Gene-Phenotype-Association,type,66
http://bio2rdf.org/ctd_vocabulary:Chemical-Gene-Association,type,66
http://bio2rdf.org/drugbank_vocabulary:SMILES,type,66
http://bio2rdf.org/pharmgkb_vocabulary:gene-drug-Association,type,61
http://bio2rdf.org/drugbank_vocabulary:Enzyme-Relation,type,55
http://bio2rdf.org/ndc_vocabulary:Product,type,54
http://bio2rdf.org/wormbase_vocabulary:Gene,type,54
http://bio2rdf.org/sgd_vocabulary:Protein,type,53
http://bio2rdf.org/clinicaltrials_vocabulary:Drug,type,52
http://bio2rdf.org/clinicaltrials_vocabulary:Condition,type,52
http://bio2rdf.org/kegg_vocabulary:Gene,type,51
http://bio2rdf.org/goa_vocabulary:GO-Annotation,type,51
http://bio2rdf.org/drugbank_vocabulary:Category,type,50
http://bio2rdf.org/drugbank_vocabulary:Country,type,45
http://bio2rdf.org/mgi_vocabulary:Gene,type,39
http://bio2rdf.org/drugbank_vocabulary:Pharmaceutical,type,37
http://bio2rdf.org/clinicaltrials_vocabulary:Term,type,33
http://bio2rdf.org/pharmgkb_vocabulary:disease-gene-Association,type,32
http://bio2rdf.org/omim_vocabulary:Allelic-Variant,type,29
http://bio2rdf.org/mgi_vocabulary:Marker,type,26
http://bio2rdf.org/ctd_vocabulary:Pathway,type,24
http://bio2rdf.org/affymetrix_vocabulary:Genechip-Array,type,24
http://bio2rdf.org/mesh_vocabulary:Descriptor,type,23
http://bio2rdf.org/ndc_vocabulary:Pharmacological-Class,type,23
http://bio2rdf.org/wormbase_vocabulary:RNAi-Knockdown-Experiment,type,21
http://bio2rdf.org/clinicaltrials_vocabulary:Organization,type,21
http://bio2rdf.org/taxonomy_vocabulary:Genetic-Code,type,20
http://bio2rdf.org/drugbank_vocabulary:IUPAC-Name,type,20
http://bio2rdf.org/mgi_vocabulary:Genotype,type,18
http://bio2rdf.org/omim_vocabulary:Clinical-Synopsis,type,16
http://bio2rdf.org/omim_vocabulary:Predominantly-phenotypes,type,16
http://bio2rdf.org/omim_vocabulary:Entity,type,15
http://bio2rdf.org/drugbank_vocabulary:InChIKey,type,15
http://bio2rdf.org/drugbank_vocabulary:Boiling-Point,type,15
http://bio2rdf.org/irefindex_vocabulary:Multimeric-Complex,type,15
http://bio2rdf.org/drugbank_vocabulary:Dosage,type,14
http://bio2rdf.org/kegg_vocabulary:Glycan,type,14
http://bio2rdf.org/clinicaltrials_vocabulary:Procedure,type,13
http://bio2rdf.org/omim_vocabulary:Characteristic,type,12
http://bio2rdf.org/ctd_vocabulary:Chemical-Pathway-Association,type,12
http://bio2rdf.org/kegg_vocabulary:Interaction,type,12
http://bio2rdf.org/ndc_vocabulary:Substance,type,12
http://bio2rdf.org/hgnc_vocabulary:Gene-Symbol,type,10
http://bio2rdf.org/mesh_vocabulary:Pharmacological-Action,type,10
http://bio2rdf.org/drugbank_vocabulary:Food-interaction,type,9
http://bio2rdf.org/drugbank_vocabulary:Biotech,type,9
http://bio2rdf.org/drugbank_vocabulary:Indication,type,9
http://bio2rdf.org/homologene_vocabulary:Homologene-Group,type,9
http://bio2rdf.org/pharmgkb_vocabulary:drug-gene-Association,type,9
http://bio2rdf.org/kegg_vocabulary:Ko,type,8
http://bio2rdf.org/clinicaltrials_vocabulary:Inclusion-Criteria,type,8
http://bio2rdf.org/pharmgkb_vocabulary:gene-disease-Association,type,8
http://bio2rdf.org/ndc_vocabulary:Ingredient,type,7
http://bio2rdf.org/ndc_vocabulary:Dosage-Form,type,7
http://bio2rdf.org/drugbank_vocabulary:Target-Relation,type,7
http://bio2rdf.org/kegg_vocabulary:Genome,type,7
http://bio2rdf.org/hgnc_vocabulary:Approved-Gene-Symbol,type,6
http://bio2rdf.org/drugbank_vocabulary:Drug-Classification-Category,type,6
http://bio2rdf.org/ndc_vocabulary:Route,type,6
http://bio2rdf.org/drugbank_vocabulary:Refractivity,type,6
http://bio2rdf.org/kegg_vocabulary:Environ,type,6
http://bio2rdf.org/kegg_vocabulary:Reference,type,5
http://bio2rdf.org/pharmgkb_vocabulary:drug-drug-Association,type,5
http://bio2rdf.org/kegg_vocabulary:Disease,type,5
http://bio2rdf.org/drugbank_vocabulary:Enzyme,type,4
http://bio2rdf.org/drugbank_vocabulary:Route,type,4
http://bio2rdf.org/kegg_vocabulary:Target,type,4
http://bio2rdf.org/sgd_vocabulary:IsolectricPoint,type,4
http://bio2rdf.org/irefindex_vocabulary:Homopolymeric-Complex,type,3
http://bio2rdf.org/wormbase_vocabulary:Gene-GO-Association,type,3
http://bio2rdf.org/drugbank_vocabulary:Mechanism-of-action,type,3
http://bio2rdf.org/drugbank_vocabulary:Synonym,type,3
http://bio2rdf.org/clinicaltrials_vocabulary:Serious-Event,type,3
http://bio2rdf.org/ndc_vocabulary:Labeller,type,3
http://bio2rdf.org/clinicaltrials_vocabulary:secondary-outcome,type,3
http://bio2rdf.org/drugbank_vocabulary:Unit,type,3
http://bio2rdf.org/drugbank_vocabulary:Salt,type,3
http://bio2rdf.org/mgi_vocabulary:Strain,type,3
http://bio2rdf.org/pharmgkb_vocabulary:haplotype-drug-Association,type,3
http://bio2rdf.org/pharmgkb_vocabulary:drug-haplotype-Association,type,3
http://bio2rdf.org/pharmgkb_vocabulary:gene-gene-Association,type,3
http://bio2rdf.org/mesh_vocabulary:Tree-Entry,type,3
http://bio2rdf.org/drugbank_vocabulary:Mixture,type,2
http://bio2rdf.org/clinicaltrials_vocabulary:Contact,type,2
http://bio2rdf.org/pharmgkb_vocabulary:Variation,type,2
http://bio2rdf.org/clinicaltrials_vocabulary:Biological,type,2
http://bio2rdf.org/drugbank_vocabulary:LogP,type,2
http://bio2rdf.org/ncbigene_vocabulary:Protein-coding-Gene,type,2
http://bio2rdf.org/drugbank_vocabulary:Source,type,2
http://bio2rdf.org/drugbank_vocabulary:Group,type,2
http://bio2rdf.org/drugbank_vocabulary:PKa,type,2
http://bio2rdf.org/drugbank_vocabulary:Small-molecule,type,2
http://bio2rdf.org/kegg_vocabulary:Module,type,2
http://bio2rdf.org/kegg_vocabulary:Metabolism,type,2
http://bio2rdf.org/pharmgkb_vocabulary:drug-variantlocation-Association,type,2
http://bio2rdf.org/clinicaltrials_vocabulary:Address,type,2
http://bio2rdf.org/mgi_vocabulary:Allele,type,2
http://bio2rdf.org/taxonomy_vocabulary:Rank,type,1
http://bio2rdf.org/clinicaltrials_vocabulary:Reference,type,1
http://bio2rdf.org/wormbase_vocabulary:Publication,type,1
http://bio2rdf.org/ctd_vocabulary:met,type,1
http://bio2rdf.org/ctd_vocabulary:deg,type,1
http://bio2rdf.org/clinicaltrials_vocabulary:Reported-Events,type,1
http://bio2rdf.org/ndc_vocabulary:Package-Component,type,1
http://bio2rdf.org/ndc_vocabulary:Package,type,1
http://bio2rdf.org/clinicaltrials_vocabulary:Event-Count,type,1
http://bio2rdf.org/clinicaltrials_vocabulary:Measurement,type,1
http://bio2rdf.org/clinicaltrials_vocabulary:Event,type,1
http://bio2rdf.org/clinicaltrials_vocabulary:Category,type,1
http://bio2rdf.org/clinicaltrials_vocabulary:Other-Event,type,1
http://bio2rdf.org/clinicaltrials_vocabulary:primary-outcome,type,1
http://bio2rdf.org/clinicaltrials_vocabulary:Withdraw-Reason,type,1
http://bio2rdf.org/clinicaltrials_vocabulary:Outcome,type,1
http://bio2rdf.org/drugbank_vocabulary:Water-Solubility,type,1
http://bio2rdf.org/drugbank_vocabulary:LogS,type,1
http://bio2rdf.org/drugbank_vocabulary:Physiological-Charge,type,1
http://bio2rdf.org/drugbank_vocabulary:Toxicity,type,1
http://bio2rdf.org/drugbank_vocabulary:Volume-of-distribution,type,1
http://bio2rdf.org/drugbank_vocabulary:Clearance,type,1
http://bio2rdf.org/drugbank_vocabulary:Manufacturer,type,1
http://bio2rdf.org/drugbank_vocabulary:Affected-organism,type,1
http://bio2rdf.org/drugbank_vocabulary:Experimental-properties,type,1
http://bio2rdf.org/clinicaltrials_vocabulary:ZipCode,type,1
http://bio2rdf.org/wormbase_vocabulary:Gene-Variant,type,1
http://bio2rdf.org/wormbase_vocabulary:Genetic-Interaction,type,1
http://bio2rdf.org/wormbase_vocabulary:Regulatory-Interaction,type,1
http://bio2rdf.org/hgnc_vocabulary:Previous-Symbol,type,1
http://bio2rdf.org/clinicaltrials_vocabulary:Case,type,1
http://bio2rdf.org/clinicaltrials_vocabulary:Radiation,type,1
http://bio2rdf.org/ncbigene_vocabulary:TRNA-Gene,type,1
http://bio2rdf.org/ncbigene_vocabulary:Gene-process-Association,type,1
http://bio2rdf.org/sgd_vocabulary:Enzyme,type,1
http://bio2rdf.org/sgd_vocabulary:SequenceLength,type,1
http://bio2rdf.org/pharmgkb_vocabulary:disease-haplotype-Association,type,1
http://bio2rdf.org/sgd_vocabulary:Phenotype_Experiment,type,1
http://bio2rdf.org/sgd_vocabulary:Record,type,1
http://bio2rdf.org/sgd_vocabulary:ValineCount,type,1
http://bio2rdf.org/sgd_vocabulary:Chromosome,type,1
http://bio2rdf.org/sgd_vocabulary:LysineCount,type,1
http://bio2rdf.org/mesh_vocabulary:Qualifier-Descriptor,type,1
http://bio2rdf.org/clinicaltrials_vocabulary:Eligibility,type,1
http://bio2rdf.org/sgd_vocabulary:TyrosineCount,type,1
http://bio2rdf.org/sgd_vocabulary:ProlineCount,type,1
http://bio2rdf.org/drugbank_vocabulary:indication,predicate,2818
http://bio2rdf.org/drugbank_vocabulary:dosage,predicate,2637
http://bio2rdf.org/drugbank_vocabulary:brand,predicate,1731
http://bio2rdf.org/drugbank_vocabulary:category,predicate,1305
http://bio2rdf.org/drugbank_vocabulary:drug,predicate,1047
http://bio2rdf.org/pharmgkb_vocabulary:gene,predicate,1024
http://bio2rdf.org/drugbank_vocabulary:target,predicate,927
http://bio2rdf.org/drugbank_vocabulary:ddi-interactor-in,predicate,857
http://bio2rdf.org/pharmgkb_vocabulary:disease,predicate,837
http://bio2rdf.org/drugbank_vocabulary:synonym,predicate,406
http://bio2rdf.org/ctd_vocabulary:disease,predicate,383
http://bio2rdf.org/ctd_vocabulary:gene,predicate,376
http://bio2rdf.org/pharmgkb_vocabulary:drug,predicate,283
http://bio2rdf.org/drugbank_vocabulary:patent,predicate,251
http://bio2rdf.org/ctd_vocabulary:chemical,predicate,211
http://bio2rdf.org/drugbank_vocabulary:toxicity,predicate,210
http://bio2rdf.org/ctd_vocabulary:pathway,predicate,200
http://bio2rdf.org/irefindex_vocabulary:interactor_a,predicate,197
http://bio2rdf.org/clinicaltrials_vocabulary:intervention,predicate,179
http://bio2rdf.org/drugbank_vocabulary:half-life,predicate,179
http://bio2rdf.org/drugbank_vocabulary:enzyme,predicate,178
http://bio2rdf.org/irefindex_vocabulary:interactor_b,predicate,176
http://bio2rdf.org/drugbank_vocabulary:absorption,predicate,152
http://bio2rdf.org/drugbank_vocabulary:affected-organism,predicate,144
http://bio2rdf.org/omim_vocabulary:refers-to,predicate,130
http://bio2rdf.org/hgnc_vocabulary:status,predicate,123
http://bio2rdf.org/drugbank_vocabulary:mechanism-of-action,predicate,121
http://bio2rdf.org/drugbank_vocabulary:route-of-elimination,predicate,116
http://bio2rdf.org/mesh_vocabulary:mesh-tree-number,predicate,109
http://bio2rdf.org/drugbank_vocabulary:product,predicate,103
http://bio2rdf.org/drugbank_vocabulary:calculated-properties,predicate,97
http://bio2rdf.org/clinicaltrials_vocabulary:condition,predicate,91
http://bio2rdf.org/clinicaltrials_vocabulary:reported-events,predicate,78
http://bio2rdf.org/clinicaltrials_vocabulary:lead-sponsor,predicate,75
http://bio2rdf.org/wormbase_vocabulary:gene,predicate,73
http://bio2rdf.org/clinicaltrials_vocabulary:serious-events,predicate,72
http://bio2rdf.org/mgi_vocabulary:allele,predicate,68
http://bio2rdf.org/drugbank_vocabulary:food-interaction,predicate,65
http://bio2rdf.org/kegg_vocabulary:pathway,predicate,57
http://bio2rdf.org/drugbank_vocabulary:transporter,predicate,57
http://bio2rdf.org/drugbank_vocabulary:drug-classification-category,predicate,55
http://bio2rdf.org/drugbank_vocabulary:protein-binding,predicate,54
http://bio2rdf.org/mgi_vocabulary:marker,predicate,53
http://bio2rdf.org/clinicaltrials_vocabulary:group,predicate,48
http://bio2rdf.org/omim_vocabulary:variant,predicate,46
http://bio2rdf.org/clinicaltrials_vocabulary:sub-title,predicate,44
http://bio2rdf.org/drugbank_vocabulary:volume-of-distribution,predicate,44
http://bio2rdf.org/pharmgkb_vocabulary:variantlocation,predicate,42
http://bio2rdf.org/affymetrix_vocabulary:genechip-array,predicate,42
http://bio2rdf.org/clinicaltrials_vocabulary:condition-mesh,predicate,38
http://bio2rdf.org/wormbase_vocabulary:associated-rnai-knockdown-experiment,predicate,35
http://bio2rdf.org/drugbank_vocabulary:experimental-properties,predicate,32
http://bio2rdf.org/omim_vocabulary:feature,predicate,30
http://bio2rdf.org/omim_vocabulary:phenotype-map,predicate,30
http://bio2rdf.org/drugbank_vocabulary:manufacturer,predicate,29
http://bio2rdf.org/clinicaltrials_vocabulary:count,predicate,29
http://bio2rdf.org/clinicaltrials_vocabulary:clinicaltrials_vocabulary:primary-outcome,predicate,24
http://bio2rdf.org/wormbase_vocabulary:target-gene,predicate,23
http://bio2rdf.org/clinicaltrials_vocabulary:other-events,predicate,21
http://bio2rdf.org/omim_vocabulary:clinical-synopsis,predicate,21
http://bio2rdf.org/ndc_vocabulary:dosage-form,predicate,20
http://bio2rdf.org/irefindex_vocabulary:article,predicate,19
http://bio2rdf.org/omim_vocabulary:characteristic-of,predicate,19
http://bio2rdf.org/clinicaltrials_vocabulary:inclusion-criteria,predicate,18
http://bio2rdf.org/drugbank_vocabulary:group,predicate,18
http://bio2rdf.org/ndc_vocabulary:ingredient,predicate,17
http://bio2rdf.org/kegg_vocabulary:enzyme,predicate,17
http://bio2rdf.org/kegg_vocabulary:substrate,predicate,17
http://bio2rdf.org/clinicaltrials_vocabulary:affiliation,predicate,15
http://bio2rdf.org/goa_vocabulary:target,predicate,14
http://bio2rdf.org/clinicaltrials_vocabulary:location,predicate,14
http://bio2rdf.org/kegg_vocabulary:reaction,predicate,14
http://bio2rdf.org/clinicaltrials_vocabulary:investigator,predicate,13
http://bio2rdf.org/drugbank_vocabulary:clearance,predicate,13
http://bio2rdf.org/clinicaltrials_vocabulary:exclusion-criteria,predicate,13
http://bio2rdf.org/sgd_vocabulary:chromosome,predicate,12
http://bio2rdf.org/drugbank_vocabulary:country,predicate,10
http://bio2rdf.org/clinicaltrials_vocabulary:country,predicate,10
http://bio2rdf.org/clinicaltrials_vocabulary:overall-status,predicate,10
http://bio2rdf.org/ndc_vocabulary:has-part,predicate,9
http://bio2rdf.org/clinicaltrials_vocabulary:phase,predicate,9
http://bio2rdf.org/kegg_vocabulary:drug-target,predicate,9
http://bio2rdf.org/kegg_vocabulary:gene,predicate,8
http://bio2rdf.org/clinicaltrials_vocabulary:clinicaltrials_vocabulary:secondary-outcome,predicate,8
http://bio2rdf.org/goa_vocabulary:go-annotation,predicate,8
http://bio2rdf.org/clinicaltrials_vocabulary:eligibility,predicate,7
http://bio2rdf.org/clinicaltrials_vocabulary:condition-browse,predicate,5
http://bio2rdf.org/mesh_vocabulary:pharmacological-action,predicate,5
http://bio2rdf.org/ndc_vocabulary:labeller,predicate,5
http://bio2rdf.org/kegg_vocabulary:interaction,predicate,4
http://bio2rdf.org/drugbank_vocabulary:mixture,predicate,4
http://bio2rdf.org/ndc_vocabulary:route,predicate,4
http://bio2rdf.org/kegg_vocabulary:disease,predicate,4
http://bio2rdf.org/kegg_vocabulary:compound,predicate,4
http://bio2rdf.org/mesh_vocabulary:semantic-type,predicate,4
http://bio2rdf.org/kegg_vocabulary:product,predicate,4
http://bio2rdf.org/drugbank_vocabulary:form,predicate,4
http://bio2rdf.org/drugbank_vocabulary:ingredient,predicate,3
http://bio2rdf.org/omim_vocabulary:x-omim,predicate,3
http://bio2rdf.org/clinicaltrials_vocabulary:organization,predicate,3
http://bio2rdf.org/clinicaltrials_vocabulary:authority,predicate,3
http://bio2rdf.org/kegg_vocabulary:x-kegg,predicate,3
http://bio2rdf.org/wormbase_vocabulary:cosmid,predicate,3
http://bio2rdf.org/sgd_vocabulary:is-proper-part-of,predicate,3
http://bio2rdf.org/drugbank_vocabulary:carrier,predicate,3
http://bio2rdf.org/ncbigene_vocabulary:gene,predicate,2
http://bio2rdf.org/ndc_vocabulary:has-package,predicate,2
http://bio2rdf.org/clinicaltrials_vocabulary:group-id,predicate,2
http://bio2rdf.org/clinicaltrials_vocabulary:arm-group,predicate,2
http://bio2rdf.org/sgd_vocabulary:strand,predicate,2
http://bio2rdf.org/sgd_vocabulary:has-proper-part,predicate,2
http://bio2rdf.org/sgd_vocabulary:has-participant,predicate,2
http://bio2rdf.org/sgd_vocabulary:query,predicate,2
http://bio2rdf.org/kegg_vocabulary:reference,predicate,1
http://bio2rdf.org/wormbase_vocabulary:publication,predicate,1
http://bio2rdf.org/kegg_vocabulary:orthology,predicate,1
http://bio2rdf.org/mesh_vocabulary:allowable-topical-qualifiers,predicate,1
http://bio2rdf.org/irefindex_vocabulary:expansion-method,predicate,1
http://bio2rdf.org/kegg_vocabulary:drug,predicate,1
http://bio2rdf.org/clinicaltrials_vocabulary:study-type,predicate,1
http://bio2rdf.org/clinicaltrials_vocabulary:study-design,predicate,1
http://bio2rdf.org/clinicaltrials_vocabulary:intervention-browse,predicate,1
