class,instances
Image,14246647
CareerStation,5698867
Person,5056929
TimePeriod,4915627
Species,4824334
Eukaryote,4816878
Animal,4808535
Place,1642816
SportsTeamMember,1506469
Work,1401754
Settlement,1290537
Tenure,1288270
PopulatedPlace,1240212
Athlete,1231877
PersonFunction,1137499
OrganisationMember,1049557
Agent,874374
Organisation,859417
Politician,698313
Village,677265
ArchitecturalStructure,624998
MusicalWork,538757
SoccerPlayer,536455
Album,506485
Film,481903
Taxon,460093
Building,370626
PoliticalFunction,348568
Event,346933
Infrastructure,282038
Company,276464
SocietalEvent,270214
Town,258618
Artist,251762
Song,245867
WikimediaTemplate,223287
Unknown,223285
WrittenWork,210563
MusicalArtist,209654
NaturalPlace,203179
SportsSeason,181355
TelevisionShow,174372
Station,172471
AdministrativeRegion,166745
Book,161759
Scientist,146758
MeanOfTransportation,145837
EducationalInstitution,142530
Writer,135825
BodyOfWater,133500
SportsEvent,126025
MilitaryPerson,125472
Band,122951
Ship,122662
School,118871
HistoricPlace,118492
Region,116946
SportsTeamSeason,109882
River,105677
Election,97752
Software,97675
SoccerManager,97501
RouteOfTransportation,96104
Insect,94952
Cricketer,93941
AmericanFootballPlayer,93221
Road,90371
Mountain,90051
SoccerClub,88718
Group,86459
BaseballPlayer,86178
Device,82774
VideoGame,82605
MilitaryUnit,81282
RugbyPlayer,81034
Stream,79688
University,77484
MotorsportSeason,76007
SportsManager,68345
City,67761
Royalty,67362
SportsClub,66917
AutomobileEngine,66601
GridironFootballPlayer,65196
MilitaryConflict,64946
RadioStation,64815
Broadcaster,63862
BasketballPlayer,63131
FootballLeagueSeason,62881
SoccerClubSeason,62709
Cleric,62623
WinterSportPlayer,62005
Tournament,60779
PeriodicalLiterature,59827
Engine,56951
Activity,56916
NCAATeamSeason,56877
Venue,56873
IceHockeyPlayer,56175
ReligiousBuilding,55249
MilitaryService,54748
Single,53047
ChemicalSubstance,52837
CelestialBody,52744
Cyclist,48822
Sales,48663
FictionalCharacter,47278
PoliticalParty,46824
RailwayStation,45771
HistoricBuilding,45724
Airport,45369
ProtectedArea,43027
Academic,42700
AustralianRulesFootballPlayer,42432
Award,42191
SoccerTournament,41671
ChemicalCompound,41406
Sound,40518
Automobile,38992
Artwork,38470
Museum,36043
CollegeCoach,35353
GovernmentAgency,34829
TelevisionEpisode,34304
Disease,33946
Island,33425
CityDistrict,32205
TennisPlayer,31184
Newspaper,31096
Language,30874
Swimmer,30549
Asteroid,30112
SportsTeam,29916
TennisTournament,29188
Biomolecule,28943
AcademicJournal,28770
Aircraft,28669
TelevisionSeason,28510
Drug,27893
ChristianBishop,27538
Document,27484
PowerStation,26368
Park,26160
Magazine,25758
PublicTransitSystem,25149
Coach,25024
Lake,24792
TelevisionStation,24726
RailwayLine,24699
Dam,24657
Church,24276
Food,24096
EthnicGroup,23265
Noble,22968
Weapon,22752
OlympicEvent,22510
Comic,21930
MilitaryStructure,20911
MotorsportRacer,20374
SoapCharacter,19742
Criminal,19375
Boxer,19308
SportsLeague,19134
Hospital,19123
Bridge,18926
Website,18737
Mollusca,18489
FootballMatch,18004
RacingDriver,17839
Manga,17720
ArtistDiscography,17549
Anime,17252
GivenName,16953
Horse,16635
Star,16151
Saint,16034
MartialArtist,16028
VolleyballPlayer,15726
Olympics,15685
HandballPlayer,15272
Enzyme,15055
Religious,14983
Country,14944
Locomotive,14704
Gymnast,14519
UnitOfWork,14136
Convention,14110
RecordLabel,14064
Name,14026
Planet,13951
Case,13779
LegalCase,13779
Wrestler,13710
Bacteria,13694
Airline,13606
GolfPlayer,13466
Bank,13120
Architect,12846
MixedMartialArtsEvent,12625
HumanGene,12575
Play,12434
Gene,12150
MetroStation,12111
FigureSkater,12016
ChessPlayer,11983
Cartoon,11936
Mammal,11640
SupremeCourtOfTheUnitedStatesCase,11633
Non-ProfitOrganisation,11521
Fungus,11379
Locality,11366
Castle,11365
ShoppingMall,11329
Legislature,11307
Restaurant,11256
SpaceMission,11049
Skier,10764
ComicsCharacter,10560
Diocese,10464
HorseRace,10389
ComicsCreator,10368
Race,10222
AnatomicalStructure,10037
Protein,10012
BadmintonPlayer,9885
Actor,9613
WrestlingEvent,9604
BasketballTeam,9460
Painting,9359
GolfTournament,9331
Philosopher,9276
Game,9180
Hotel,8882
SoccerLeague,8728
Monument,8431
BeautyQueen,8227
RugbyClub,8149
Curler,8052
Galaxy,7585
Lighthouse,7578
GaelicGamesPlayer,7569
MotorcycleRider,7501
TradeUnion,7364
Train,7354
Library,7262
Publisher,7134
HockeyTeam,7048
NationalFootballLeagueSeason,6882
Painter,6873
Plant,6772
SiteOfSpecialScientificInterest,6722
RadioProgram,6676
ClericalAdministrativeRegion,6664
InformationAppliance,6602
MusicGenre,6425
Glacier,6314
Deity,6236
Model,6061
Theatre,5973
Tower,5957
GrandPrix,5929
Prison,5831
Medician,5756
Skater,5740
Cardinal,5624
BusCompany,5575
Holiday,5535
Mineral,5523
Crater,5414
Musical,5413
Sailor,5292
Economist,5291
NascarDriver,5261
WomensTennisAssociationTournament,5155
Genre,5022
Motorcycle,4917
FilmFestival,4863
CultivatedVariety,4813
Comedian,4791
HistoricalEvent,4720
MountainPass,4676
Journalist,4528
SpeedwayRider,4462
CyclingRace,4459
MountainRange,4391
Street,4222
SportFacility,4096
Earthquake,4065
AmusementParkAttraction,4026
Year,3995
CricketTeam,3880
ProgrammingLanguage,3711
Youtuber,3526
Family,3362
Cave,3317
NaturalEvent,3298
Archbishop,3284
Cemetery,3282
MusicFestival,3207
Skyscraper,3181
Historian,3040
Volcano,3017
Jockey,3004
BroadcastNetwork,2970
Mayor,2968
Beverage,2917
Poem,2874
Chef,2853
PlayboyPlaymate,2846
Engineer,2825
CyclingTeam,2812
Cinema,2759
SkiArea,2733
RugbyLeague,2728
JewishLeader,2700
SquashPlayer,2654
Colour,2648
Fish,2639
RollerCoaster,2611
TableTennisPlayer,2585
Mosque,2565
DartsPlayer,2561
MythologicalFigure,2436
Valley,2420
FashionDesigner,2375
PokerPlayer,2318
AustralianFootballTeam,2292
Dancer,2216
Profession,2195
Arachnid,2168
Astronaut,2105
Priest,2100
ClassicalMusicComposition,2077
President,2074
Canal,2034
SnookerPlayer,1988
Square,1926
TopicalConcept,1919
Monastery,1885
WineRegion,1880
FormerMunicipality,1869
SumoWrestler,1828
LawFirm,1827
BoardGame,1814
NetballPlayer,1803
FormulaOneRacer,1794
LatterDaySaint,1794
AcademicSubject,1767
BaseballLeague,1766
AmateurBoxer,1738
BasketballLeague,1733
BusinessPerson,1710
HandballTeam,1687
Stadium,1678
Crustacean,1676
Photographer,1674
Sport,1671
AdultActor,1631
Brain,1616
Pandemic,1586
Winery,1583
Presenter,1552
Canoeist,1513
CombinationDrug,1511
NobleFamily,1495
Governor,1485
LacrossePlayer,1461
ScreenWriter,1459
Entomologist,1450
Grape,1445
RoadTunnel,1439
Currency,1429
GolfCourse,1428
PoliceOfficer,1421
MonoclonalAntibody,1413
RadioHost,1344
PrimeMinister,1336
Brewery,1316
VoiceActor,1291
GovernmentalAdministrativeRegion,1283
Municipality,1267
RailwayTunnel,1259
TopLevelDomain,1233
BiologicalDatabase,1230
Garden,1230
IceHockeyLeague,1206
Rocket,1202
Pharaoh,1188
College,1170
Synagogue,1161
Pope,1154
WorldHeritageSite,1106
Racecourse,1099
Fashion,1098
LunarCrater,1097
Zoo,1068
Artery,1047
VolleyballLeague,1044
Bone,1004
Nerve,982
Bodybuilder,973
ComicStrip,973
FloweringPlant,971
Pilot,920
Identifier,903
Port,882
Rower,878
SolarEclipse,874
RoadJunction,870
Muscle,868
Cheese,859
Spy,859
Mill,857
ClassicalMusicArtist,855
HorseTrainer,829
Database,820
BeachVolleyballPlayer,812
AmericanLeader,808
MemberOfParliament,792
Factory,784
SkiResort,782
RaceTrack,776
Vein,738
Poet,716
BaseballSeason,711
HistoricalRegion,708
Archive,700
CollectionOfValuables,700
Tunnel,683
Baronet,628
VolleyballCoach,604
ConcentrationCamp,602
HistoricalPeriod,602
Algorithm,586
CricketGround,559
Embryology,559
Ligament,555
SpeedwayTeam,546
CardGame,526
BritishRoyalty,513
EurovisionSongContestEntry,495
NationalAnthem,490
Archipelago,466
AmericanFootballLeague,452
Windmill,444
Vaccine,443
Surname,441
FormulaOneTeam,435
Ambassador,403
ResearchProject,395
Rebbe,380
ComedyGroup,372
Congressman,364
Flag,363
FieldHockeyLeague,362
HandballLeague,362
Sea,362
AcademicConference,357
Project,357
LaunchPad,356
Outbreak,354
MedicalSpecialty,335
Judge,334
Guitarist,327
Reptile,326
NuclearPowerStation,325
Casino,324
Archaea,290
TelevisionHost,283
NationalCollegiateAthleticAssociationAthlete,279
Constellation,268
WaterRide,265
Shrine,254
HorseRider,251
YearInSpaceflight,241
Lymph,233
Watermill,222
BrownDwarf,217
Instrumentalist,209
LacrosseLeague,209
GolfLeague,205
SnookerWorldRanking,201
MotorcycleRacingLeague,200
WaterTower,197
Senator,192
Population,188
NaturalRegion,186
HotSpring,175
ChristianPatriarch,160
PoloLeague,151
Parliament,150
SpeedwayLeague,143
Amphibian,140
SoftballLeague,140
Bay,134
SnookerChamp,134
Competition,132
Contest,132
Spacecraft,130
AmericanFootballTeam,121
Continent,118
SpaceStation,118
Letter,117
SportCompetitionResult,114
Ideology,113
TennisLeague,104
BaseballTeam,97
Cat,94
Bird,91
Wine,91
Tax,81
WaterwayTunnel,81
Battery,78
Meeting,71
Chancellor,65
Pretender,60
MixedMartialArtsLeague,52
Fern,47
Novel,41
State,40
SpaceShuttle,39
Hormone,37
Manhua,37
Moss,37
Media,36
Statistic,35
CanadianFootballLeague,33
Instrument,33
CricketLeague,32
Guitar,31
NationalFootballLeagueEvent,31
Pyramid,31
TeamSport,28
BowlingLeague,25
Conifer,25
GeologicalPeriod,25
InlineHockeyLeague,22
AmericanFootballCoach,21
AnimangaCharacter,18
BoxingLeague,18
PublicService,16
AutoRacingLeague,15
Medicine,13
Prefecture,11
CurlingLeague,10
Cycad,10
AustralianFootballLeague,7
Employer,7
Beer,6
Ginkgo,6
Murderer,6
Ocean,6
SerialKiller,6
Department,5
OverseasDepartment,5
CyclingLeague,4
Manhwa,4
Monarch,4
ClubMoss,3
GreenAlga,3
Intercommunality,3
VicePresident,3
Organ,2
Producer,2
TermOfOffice,2
VideogamesLeague,2
Altitude,1
Chief,1
Drama,1
Gnetophytes,1
HollywoodCartoon,1
Singer,1
SongWriter,1
Treadmill,1
Agglomeration,0
Annotation,0
Archeologist,0
ArcherPlayer,0
Area,0
Arena,0
Aristocrat,0
Arrondissement,0
Article,0
ArtificialSatellite,0
ArtisticGenre,0
Athletics,0
AthleticsPlayer,0
Atoll,0
Attack,0
BackScene,0
Beach,0
Biathlete,0
Biologist,0
Blazon,0
BloodVessel,0
BobsleighAthlete,0
Browser,0
BullFighter,0
Camera,0
CanadianFootballPlayer,0
CanadianFootballTeam,0
Canton,0
Cape,0
Capital,0
CapitalOfRegion,0
CardinalDirection,0
Caterer,0
ChartsPlacements,0
ChemicalElement,0
ChristianDoctrine,0
Cipher,0
ClericalOrder,0
CoalPit,0
Community,0
ControlledDesignationOfOriginWine,0
ConveyorSystem,0
CountrySeat,0
Covid19,0
CrossCountrySkier,0
CyclingCompetition,0
DBpedian,0
DTMRacer,0
Deanery,0
Decoration,0
Demographics,0
Depth,0
Deputy,0
Desert,0
DigitalCamera,0
Dike,0
Diploma,0
DisneyCharacter,0
District,0
DistrictWaterBoard,0
DocumentType,0
Dog,0
Egyptologist,0
ElectionDiagram,0
ElectricalSubstation,0
EmployersOrganisation,0
Escalator,0
Farmer,0
Fencer,0
File,0
FileSystem,0
Forest,0
FormulaOneRacing,0
Fort,0
GatedCommunity,0
GeneLocation,0
GeopoliticalOrganisation,0
Globularswarm,0
GovernmentCabinet,0
GovernmentType,0
GraveMonument,0
GrossDomesticProduct,0
GrossDomesticProductPerCapita,0
HighDiver,0
HistoricalAreaOfAuthority,0
HistoricalCountry,0
HistoricalDistrict,0
HistoricalProvince,0
HistoricalSettlement,0
HockeyClub,0
HumanGeneLocation,0
Humorist,0
Infrastucture,0
InternationalFootballLeagueEvent,0
InternationalOrganisation,0
Law,0
Lawyer,0
Lieutenant,0
LifeCycleEvent,0
LightNovel,0
LineOfFashion,0
Linguist,0
Lipid,0
List,0
LiteraryGenre,0
Lock,0
Man,0
Manor,0
MathematicalConcept,0
MemberResistanceMovement,0
Memorial,0
MicroRegion,0
MilitaryAircraft,0
MilitaryVehicle,0
Mine,0
Minister,0
MobilePhone,0
MotocycleRacer,0
MotorRace,0
MouseGene,0
MouseGeneLocation,0
MovieDirector,0
MovieGenre,0
MovingImage,0
MovingWalkway,0
MultiVolumePublication,0
MusicComposer,0
MusicDirector,0
NarutoCharacter,0
NationalSoccerClub,0
Nebula,0
NobelPrize,0
NordicCombined,0
OfficeHolder,0
OldTerritory,0
OlympicResult,0
On-SiteTransportation,0
Openswarm,0
Opera,0
PaintballLeague,0
Parish,0
PenaltyShootOut,0
PeriodOfArtisticStyle,0
PersonalEvent,0
PhilosophicalConcept,0
PlayWright,0
PoliticalConcept,0
PoliticianSpouse,0
Polysaccharide,0
PrehistoricalPeriod,0
Professor,0
Protocol,0
ProtohistoricalPeriod,0
Province,0
Psychologist,0
Quote,0
RadioControlledRacingLeague,0
RallyDriver,0
Rebellion,0
RecordOffice,0
Referee,0
Reference,0
Regency,0
Reign,0
Relationship,0
ReligiousOrganisation,0
RestArea,0
Resume,0
Robot,0
RocketEngine,0
RomanEmperor,0
RouteStop,0
SambaSchool,0
Satellite,0
ScientificConcept,0
Sculptor,0
Sculpture,0
SingleList,0
Ski_jumper,0
Skos,0
SoccerLeagueSeason,0
SpeedSkater,0
Spreadsheet,0
Standard,0
StarCluster,0
StatedResolution,0
StillImage,0
StormSurge,0
SubMunicipality,0
Surfer,0
Swarm,0
SystemOfLaw,0
Tank,0
TeamMember,0
TelevisionDirector,0
Temple,0
Territory,0
TheatreDirector,0
TheologicalConcept,0
TrackList,0
TrainCarriage,0
Tram,0
TramStation,0
Treaty,0
Type,0
UndergroundJournal,0
VaccinationStatistics,0
Vicar,0
VicePrimeMinister,0
Vodka,0
WaterPoloPlayer,0
WindMotor,0
Woman,0
WorkSequence,0
prov:Entity,0
prov:Revision,0
